date_collected,week_ending_date,calendar_year,marketing_year,calendar_month,marketing_year_month,calendar_week,marketing_year_week,commodity,country,export_inspections,unit
01-10-2026,2026-01-01,2026,2026,1,5,1,18,corn,world,1206913,Metric Tons
01-10-2026,2026-01-01,2026,2026,1,8,1,31,wheat,world,183305,Metric Tons
01-10-2026,2026-01-01,2026,2026,1,5,1,18,soybeans,world,980518,Metric Tons
01-10-2026,2025-12-25,2025,2026,12,7,52,30,wheat,world,302096,Metric Tons
01-10-2026,2025-12-25,2025,2026,12,4,52,17,corn,world,1301211,Metric Tons
01-10-2026,2025-12-25,2025,2026,12,4,52,17,soybeans,world,750312,Metric Tons
01-10-2026,2025-12-18,2025,2026,12,4,51,16,corn,world,1744088,Metric Tons
01-10-2026,2025-12-18,2025,2026,12,7,51,29,wheat,world,627443,Metric Tons
01-10-2026,2025-12-18,2025,2026,12,4,51,16,soybeans,world,870199,Metric Tons
01-10-2026,2025-12-11,2025,2026,12,4,50,15,corn,world,1582995,Metric Tons
01-10-2026,2025-12-11,2025,2026,12,4,50,15,soybeans,world,795661,Metric Tons
01-10-2026,2025-12-11,2025,2026,12,7,50,28,wheat,world,488025,Metric Tons
01-10-2026,2025-12-04,2025,2026,12,4,49,14,soybeans,world,1018127,Metric Tons
01-10-2026,2025-12-04,2025,2026,12,7,49,27,wheat,world,393341,Metric Tons
01-10-2026,2025-12-04,2025,2026,12,4,49,14,corn,world,1452822,Metric Tons
01-10-2026,2025-11-27,2025,2026,11,3,48,13,soybeans,world,920194,Metric Tons
01-10-2026,2025-11-27,2025,2026,11,6,48,26,wheat,world,384881,Metric Tons
01-10-2026,2025-11-27,2025,2026,11,3,48,13,corn,world,1421258,Metric Tons
01-10-2026,2025-11-20,2025,2026,11,6,47,25,wheat,world,474530,Metric Tons
01-10-2026,2025-11-20,2025,2026,11,3,47,12,soybeans,world,799042,Metric Tons
01-10-2026,2025-11-20,2025,2026,11,3,47,12,corn,world,1632144,Metric Tons
01-10-2026,2025-11-13,2025,2026,11,3,46,11,corn,world,2053932,Metric Tons
01-10-2026,2025-11-13,2025,2026,11,6,46,24,wheat,world,246533,Metric Tons
01-10-2026,2025-11-13,2025,2026,11,3,46,11,soybeans,world,1176307,Metric Tons
01-10-2026,2025-11-06,2025,2026,11,3,45,10,soybeans,world,1088577,Metric Tons
01-10-2026,2025-11-06,2025,2026,11,3,45,10,corn,world,1424968,Metric Tons
01-10-2026,2025-11-06,2025,2026,11,6,45,23,wheat,world,290513,Metric Tons
01-10-2026,2025-10-30,2025,2026,10,2,44,9,corn,world,1668781,Metric Tons
01-10-2026,2025-10-30,2025,2026,10,5,44,22,wheat,world,350293,Metric Tons
01-10-2026,2025-10-30,2025,2026,10,2,44,9,soybeans,world,965063,Metric Tons
01-10-2026,2025-10-23,2025,2026,10,5,43,21,wheat,world,258543,Metric Tons
01-10-2026,2025-10-23,2025,2026,10,2,43,8,soybeans,world,1061375,Metric Tons
01-10-2026,2025-10-23,2025,2026,10,2,43,8,corn,world,1187500,Metric Tons
01-10-2026,2025-10-16,2025,2026,10,2,42,7,soybeans,world,1474354,Metric Tons
01-10-2026,2025-10-16,2025,2026,10,5,42,20,wheat,world,480614,Metric Tons
01-10-2026,2025-10-16,2025,2026,10,2,42,7,corn,world,1317724,Metric Tons
01-10-2026,2025-10-09,2025,2026,10,2,41,6,corn,world,1129708,Metric Tons
01-10-2026,2025-10-09,2025,2026,10,2,41,6,soybeans,world,994008,Metric Tons
01-10-2026,2025-10-09,2025,2026,10,5,41,19,wheat,world,444138,Metric Tons
01-10-2026,2025-10-02,2025,2026,10,5,40,18,wheat,world,505096,Metric Tons
01-10-2026,2025-10-02,2025,2026,10,2,40,5,soybeans,world,768117,Metric Tons
01-10-2026,2025-10-02,2025,2026,10,2,40,5,corn,world,1599941,Metric Tons
01-10-2026,2025-09-25,2025,2026,9,1,39,4,corn,world,1527145,Metric Tons
01-10-2026,2025-09-25,2025,2026,9,4,39,17,wheat,world,738604,Metric Tons
01-10-2026,2025-09-25,2025,2026,9,1,39,4,soybeans,world,593956,Metric Tons
01-10-2026,2025-09-18,2025,2026,9,1,38,3,soybeans,world,484116,Metric Tons
01-10-2026,2025-09-18,2025,2026,9,1,38,3,corn,world,1329024,Metric Tons
01-10-2026,2025-09-18,2025,2026,9,4,38,16,wheat,world,854454,Metric Tons
01-10-2026,2025-09-11,2025,2026,9,4,37,15,wheat,world,755073,Metric Tons
01-10-2026,2025-09-11,2025,2026,9,1,37,2,soybeans,world,804352,Metric Tons
01-10-2026,2025-09-11,2025,2026,9,1,37,2,corn,world,1511691,Metric Tons
01-10-2026,2025-09-04,2025,2026,9,4,36,14,wheat,world,424993,Metric Tons
01-10-2026,2025-09-04,2025,2026,9,1,36,1,corn,world,1442910,Metric Tons
01-10-2026,2025-09-04,2025,2026,9,1,36,1,soybeans,world,452151,Metric Tons
01-10-2026,2025-08-28,2025,2026,8,3,35,13,wheat,world,802780,Metric Tons
01-10-2026,2025-08-28,2025,2025,8,12,35,52,corn,world,1407050,Metric Tons
01-10-2026,2025-08-28,2025,2025,8,12,35,52,soybeans,world,472914,Metric Tons
01-10-2026,2025-08-21,2025,2025,8,12,34,51,soybeans,world,382806,Metric Tons
01-10-2026,2025-08-21,2025,2025,8,12,34,51,corn,world,1305325,Metric Tons
01-10-2026,2025-08-21,2025,2026,8,3,34,12,wheat,world,946472,Metric Tons
01-10-2026,2025-08-14,2025,2026,8,3,33,11,wheat,world,395240,Metric Tons
01-10-2026,2025-08-14,2025,2025,8,12,33,50,soybeans,world,473605,Metric Tons
01-10-2026,2025-08-14,2025,2025,8,12,33,50,corn,world,1050715,Metric Tons
01-10-2026,2025-08-07,2025,2026,8,3,32,10,wheat,world,365486,Metric Tons
01-10-2026,2025-08-07,2025,2025,8,12,32,49,soybeans,world,518066,Metric Tons
01-10-2026,2025-08-07,2025,2025,8,12,32,49,corn,world,1491962,Metric Tons
01-10-2026,2025-07-24,2025,2026,7,2,30,8,wheat,world,288793,Metric Tons
01-10-2026,2025-07-24,2025,2025,7,11,30,47,corn,world,1522174,Metric Tons
01-10-2026,2025-07-24,2025,2025,7,11,30,47,soybeans,world,409714,Metric Tons
01-10-2026,2025-07-17,2025,2025,7,11,29,46,corn,world,983625,Metric Tons
01-10-2026,2025-07-17,2025,2026,7,2,29,7,wheat,world,732290,Metric Tons
01-10-2026,2025-07-17,2025,2025,7,11,29,46,soybeans,world,364990,Metric Tons
01-10-2026,2025-07-10,2025,2025,7,11,28,45,soybeans,world,147045,Metric Tons
01-10-2026,2025-07-10,2025,2026,7,2,28,6,wheat,world,439533,Metric Tons
01-10-2026,2025-07-10,2025,2025,7,11,28,45,corn,world,1287159,Metric Tons
01-10-2026,2025-07-03,2025,2025,7,11,27,44,soybeans,world,389364,Metric Tons
01-10-2026,2025-07-03,2025,2026,7,2,27,5,wheat,world,436628,Metric Tons
01-10-2026,2025-07-03,2025,2025,7,11,27,44,corn,world,1491062,Metric Tons
01-10-2026,2025-06-26,2025,2026,6,1,26,4,wheat,world,434539,Metric Tons
01-10-2026,2025-06-26,2025,2025,6,10,26,43,corn,world,1369961,Metric Tons
01-10-2026,2025-06-26,2025,2025,6,10,26,43,soybeans,world,224787,Metric Tons
01-10-2026,2025-06-19,2025,2025,6,10,25,42,soybeans,world,192890,Metric Tons
01-10-2026,2025-06-19,2025,2026,6,1,25,3,wheat,world,254782,Metric Tons
01-10-2026,2025-06-19,2025,2025,6,10,25,42,corn,world,1476638,Metric Tons
01-10-2026,2025-06-12,2025,2025,6,10,24,41,corn,world,1673023,Metric Tons
01-10-2026,2025-06-12,2025,2025,6,10,24,41,soybeans,world,215803,Metric Tons
01-10-2026,2025-06-12,2025,2026,6,1,24,2,wheat,world,388752,Metric Tons
01-10-2026,2025-06-05,2025,2025,6,10,23,40,corn,world,1656562,Metric Tons
01-10-2026,2025-06-05,2025,2026,6,1,23,1,wheat,world,290957,Metric Tons
01-10-2026,2025-06-05,2025,2025,6,10,23,40,soybeans,world,547040,Metric Tons
01-10-2026,2025-05-29,2025,2025,5,9,22,39,corn,world,1576006,Metric Tons
01-10-2026,2025-05-29,2025,2025,5,9,22,39,soybeans,world,268343,Metric Tons
01-10-2026,2025-05-29,2025,2025,5,12,22,52,wheat,world,552910,Metric Tons
01-10-2026,2025-05-22,2025,2025,5,9,21,38,corn,world,1396206,Metric Tons
01-10-2026,2025-05-22,2025,2025,5,9,21,38,soybeans,world,194904,Metric Tons
01-10-2026,2025-05-22,2025,2025,5,12,21,51,wheat,world,561980,Metric Tons
01-10-2026,2025-05-15,2025,2025,5,9,20,37,corn,world,1719034,Metric Tons
01-10-2026,2025-05-15,2025,2025,5,12,20,50,wheat,world,423785,Metric Tons
01-10-2026,2025-05-15,2025,2025,5,9,20,37,soybeans,world,217842,Metric Tons
01-10-2026,2025-05-08,2025,2025,5,12,19,49,wheat,world,405170,Metric Tons
01-10-2026,2025-05-08,2025,2025,5,9,19,36,corn,world,1224087,Metric Tons
01-10-2026,2025-05-08,2025,2025,5,9,19,36,soybeans,world,426077,Metric Tons
01-10-2026,2025-05-01,2025,2025,5,9,18,35,corn,world,1608350,Metric Tons
01-10-2026,2025-05-01,2025,2025,5,12,18,48,wheat,world,310326,Metric Tons
01-10-2026,2025-05-01,2025,2025,5,9,18,35,soybeans,world,324101,Metric Tons
01-10-2026,2025-04-24,2025,2025,4,8,17,34,corn,world,1654613,Metric Tons
01-10-2026,2025-04-24,2025,2025,4,11,17,47,wheat,world,646564,Metric Tons
01-10-2026,2025-04-24,2025,2025,4,8,17,34,soybeans,world,439341,Metric Tons
01-10-2026,2025-04-17,2025,2025,4,8,16,33,corn,world,1702813,Metric Tons
01-10-2026,2025-04-17,2025,2025,4,11,16,46,wheat,world,510250,Metric Tons
01-10-2026,2025-04-17,2025,2025,4,8,16,33,soybeans,world,550924,Metric Tons
01-10-2026,2025-04-10,2025,2025,4,11,15,45,wheat,world,604461,Metric Tons
01-10-2026,2025-04-10,2025,2025,4,8,15,32,soybeans,world,546348,Metric Tons
01-10-2026,2025-04-10,2025,2025,4,8,15,32,corn,world,1829000,Metric Tons
01-10-2026,2025-04-03,2025,2025,4,8,14,31,soybeans,world,804270,Metric Tons
01-10-2026,2025-04-03,2025,2025,4,11,14,44,wheat,world,334888,Metric Tons
01-10-2026,2025-04-03,2025,2025,4,8,14,31,corn,world,1582773,Metric Tons
01-10-2026,2025-03-27,2025,2025,3,7,13,30,soybeans,world,793250,Metric Tons
01-10-2026,2025-03-27,2025,2025,3,7,13,30,corn,world,1614406,Metric Tons
01-10-2026,2025-03-27,2025,2025,3,10,13,43,wheat,world,435644,Metric Tons
01-10-2026,2025-03-20,2025,2025,3,7,12,29,soybeans,world,822214,Metric Tons
01-10-2026,2025-03-20,2025,2025,3,10,12,42,wheat,world,484701,Metric Tons
01-10-2026,2025-03-20,2025,2025,3,7,12,29,corn,world,1463093,Metric Tons
01-10-2026,2025-03-13,2025,2025,3,7,11,28,corn,world,1658631,Metric Tons
01-10-2026,2025-03-13,2025,2025,3,10,11,41,wheat,world,492658,Metric Tons
01-10-2026,2025-03-13,2025,2025,3,7,11,28,soybeans,world,646667,Metric Tons
01-10-2026,2025-03-06,2025,2025,3,7,10,27,soybeans,world,844218,Metric Tons
01-10-2026,2025-03-06,2025,2025,3,7,10,27,corn,world,1819812,Metric Tons
01-10-2026,2025-03-06,2025,2025,3,10,10,40,wheat,world,216173,Metric Tons
01-10-2026,2025-02-27,2025,2025,2,6,9,26,soybeans,world,695158,Metric Tons
01-10-2026,2025-02-27,2025,2025,2,9,9,39,wheat,world,389593,Metric Tons
01-10-2026,2025-02-27,2025,2025,2,6,9,26,corn,world,1351373,Metric Tons
01-10-2026,2025-02-20,2025,2025,2,6,8,25,corn,world,1134476,Metric Tons
01-10-2026,2025-02-20,2025,2025,2,9,8,38,wheat,world,375546,Metric Tons
01-10-2026,2025-02-20,2025,2025,2,6,8,25,soybeans,world,858679,Metric Tons
01-10-2026,2025-02-13,2025,2025,2,6,7,24,corn,world,1611469,Metric Tons
01-10-2026,2025-02-13,2025,2025,2,9,7,37,wheat,world,249812,Metric Tons
01-10-2026,2025-02-13,2025,2025,2,6,7,24,soybeans,world,720332,Metric Tons
01-10-2026,2025-02-06,2025,2025,2,6,6,23,soybeans,world,1042182,Metric Tons
01-10-2026,2025-02-06,2025,2025,2,9,6,36,wheat,world,536217,Metric Tons
01-10-2026,2025-02-06,2025,2025,2,6,6,23,corn,world,1334210,Metric Tons
01-10-2026,2025-01-30,2025,2025,1,5,5,22,corn,world,1252056,Metric Tons
01-10-2026,2025-01-30,2025,2025,1,5,5,22,soybeans,world,1013292,Metric Tons
01-10-2026,2025-01-30,2025,2025,1,8,5,35,wheat,world,252637,Metric Tons
01-10-2026,2025-01-23,2025,2025,1,5,4,21,corn,world,1247004,Metric Tons
01-10-2026,2025-01-23,2025,2025,1,8,4,34,wheat,world,484544,Metric Tons
01-10-2026,2025-01-23,2025,2025,1,5,4,21,soybeans,world,729362,Metric Tons
01-10-2026,2025-01-16,2025,2025,1,8,3,33,wheat,world,261786,Metric Tons
01-10-2026,2025-01-16,2025,2025,1,5,3,20,soybeans,world,973145,Metric Tons
01-10-2026,2025-01-16,2025,2025,1,5,3,20,corn,world,1541423,Metric Tons
01-10-2026,2025-01-09,2025,2025,1,5,2,19,soybeans,world,1350121,Metric Tons
01-10-2026,2025-01-09,2025,2025,1,8,2,32,wheat,world,288895,Metric Tons
01-10-2026,2025-01-09,2025,2025,1,5,2,19,corn,world,1441006,Metric Tons
01-10-2026,2025-01-02,2025,2025,1,5,1,18,corn,world,847463,Metric Tons
01-10-2026,2025-01-02,2025,2025,1,8,1,31,wheat,world,412342,Metric Tons
01-10-2026,2025-01-02,2025,2025,1,5,1,18,soybeans,world,1284970,Metric Tons
01-10-2026,2024-12-26,2024,2025,12,4,52,17,corn,world,878380,Metric Tons
01-10-2026,2024-12-26,2024,2025,12,7,52,30,wheat,world,337685,Metric Tons
01-10-2026,2024-12-26,2024,2025,12,4,52,17,soybeans,world,1569439,Metric Tons
01-10-2026,2024-12-19,2024,2025,12,4,51,16,corn,world,1122861,Metric Tons
01-10-2026,2024-12-19,2024,2025,12,7,51,29,wheat,world,403719,Metric Tons
01-10-2026,2024-12-19,2024,2025,12,4,51,16,soybeans,world,1747037,Metric Tons
01-10-2026,2024-12-12,2024,2025,12,7,50,28,wheat,world,298075,Metric Tons
01-10-2026,2024-12-12,2024,2025,12,4,50,15,corn,world,1129834,Metric Tons
01-10-2026,2024-12-12,2024,2025,12,4,50,15,soybeans,world,1676444,Metric Tons
01-10-2026,2024-12-05,2024,2025,12,4,49,14,corn,world,1049690,Metric Tons
01-10-2026,2024-12-05,2024,2025,12,4,49,14,soybeans,world,1622197,Metric Tons
01-10-2026,2024-12-05,2024,2025,12,7,49,27,wheat,world,226513,Metric Tons
01-10-2026,2024-11-28,2024,2025,11,6,48,26,wheat,world,296106,Metric Tons
01-10-2026,2024-11-28,2024,2025,11,3,48,13,soybeans,world,2088361,Metric Tons
01-10-2026,2024-11-28,2024,2025,11,3,48,13,corn,world,935859,Metric Tons
01-10-2026,2024-11-21,2024,2025,11,3,47,12,corn,world,903049,Metric Tons
01-10-2026,2024-11-21,2024,2025,11,3,47,12,soybeans,world,2102002,Metric Tons
01-10-2026,2024-11-21,2024,2025,11,6,47,25,wheat,world,360513,Metric Tons
01-10-2026,2024-11-14,2024,2025,11,6,46,24,wheat,world,196281,Metric Tons
01-10-2026,2024-11-14,2024,2025,11,3,46,11,soybeans,world,2165075,Metric Tons
01-10-2026,2024-11-14,2024,2025,11,3,46,11,corn,world,820608,Metric Tons
01-10-2026,2024-11-07,2024,2025,11,3,45,10,soybeans,world,2277907,Metric Tons
01-10-2026,2024-11-07,2024,2025,11,6,45,23,wheat,world,347321,Metric Tons
01-10-2026,2024-11-07,2024,2025,11,3,45,10,corn,world,793012,Metric Tons
01-10-2026,2024-10-31,2024,2025,10,5,44,22,wheat,world,193523,Metric Tons
01-10-2026,2024-10-31,2024,2025,10,2,44,9,soybeans,world,2158646,Metric Tons
01-10-2026,2024-10-31,2024,2025,10,2,44,9,corn,world,779078,Metric Tons
01-10-2026,2024-10-24,2024,2025,10,2,43,8,soybeans,world,2393628,Metric Tons
01-10-2026,2024-10-24,2024,2025,10,5,43,21,wheat,world,248534,Metric Tons
01-10-2026,2024-10-24,2024,2025,10,2,43,8,corn,world,823664,Metric Tons
01-10-2026,2024-10-17,2024,2025,10,2,42,7,corn,world,999811,Metric Tons
01-10-2026,2024-10-17,2024,2025,10,5,42,20,wheat,world,268375,Metric Tons
01-10-2026,2024-10-17,2024,2025,10,2,42,7,soybeans,world,2433530,Metric Tons
01-10-2026,2024-10-10,2024,2025,10,2,41,6,soybeans,world,1575467,Metric Tons
01-10-2026,2024-10-10,2024,2025,10,5,41,19,wheat,world,371004,Metric Tons
01-10-2026,2024-10-10,2024,2025,10,2,41,6,corn,world,430323,Metric Tons
01-10-2026,2024-10-03,2024,2025,10,5,40,18,wheat,world,363460,Metric Tons
01-10-2026,2024-10-03,2024,2025,10,2,40,5,soybeans,world,1431345,Metric Tons
01-10-2026,2024-10-03,2024,2025,10,2,40,5,corn,world,933274,Metric Tons
01-10-2026,2024-09-26,2024,2025,9,1,39,4,corn,world,1140079,Metric Tons
01-10-2026,2024-09-26,2024,2025,9,4,39,17,wheat,world,536929,Metric Tons
01-10-2026,2024-09-26,2024,2025,9,1,39,4,soybeans,world,675749,Metric Tons
01-10-2026,2024-09-19,2024,2025,9,1,38,3,corn,world,1102826,Metric Tons
01-10-2026,2024-09-19,2024,2025,9,1,38,3,soybeans,world,485216,Metric Tons
01-10-2026,2024-09-19,2024,2025,9,4,38,16,wheat,world,711073,Metric Tons
01-10-2026,2024-09-12,2024,2025,9,1,37,2,soybeans,world,401287,Metric Tons
01-10-2026,2024-09-12,2024,2025,9,1,37,2,corn,world,521118,Metric Tons
01-10-2026,2024-09-12,2024,2025,9,4,37,15,wheat,world,556901,Metric Tons
01-10-2026,2024-09-05,2024,2025,9,1,36,1,corn,world,836413,Metric Tons
01-10-2026,2024-09-05,2024,2025,9,1,36,1,soybeans,world,354166,Metric Tons
01-10-2026,2024-09-05,2024,2025,9,4,36,14,wheat,world,586687,Metric Tons
01-10-2026,2024-08-29,2024,2025,8,3,35,13,wheat,world,577944,Metric Tons
01-10-2026,2024-08-29,2024,2024,8,12,35,52,corn,world,965292,Metric Tons
01-10-2026,2024-08-29,2024,2024,8,12,35,52,soybeans,world,496860,Metric Tons
01-10-2026,2024-08-22,2024,2024,8,12,34,51,soybeans,world,411165,Metric Tons
01-10-2026,2024-08-22,2024,2025,8,3,34,12,wheat,world,537179,Metric Tons
01-10-2026,2024-08-22,2024,2024,8,12,34,51,corn,world,894295,Metric Tons
01-10-2026,2024-08-15,2024,2024,8,12,33,50,soybeans,world,398233,Metric Tons
01-10-2026,2024-08-15,2024,2025,8,3,33,11,wheat,world,347519,Metric Tons
01-10-2026,2024-08-15,2024,2024,8,12,33,50,corn,world,1166090,Metric Tons
01-10-2026,2024-08-08,2024,2024,8,12,32,49,soybeans,world,326546,Metric Tons
01-10-2026,2024-08-08,2024,2025,8,3,32,10,wheat,world,649199,Metric Tons
01-10-2026,2024-08-08,2024,2024,8,12,32,49,corn,world,974677,Metric Tons
01-10-2026,2024-08-01,2024,2024,8,12,31,48,corn,world,1213422,Metric Tons
01-10-2026,2024-08-01,2024,2024,8,12,31,48,soybeans,world,261203,Metric Tons
01-10-2026,2024-08-01,2024,2025,8,3,31,9,wheat,world,440888,Metric Tons
01-10-2026,2024-07-25,2024,2025,7,2,30,8,wheat,world,431233,Metric Tons
01-10-2026,2024-07-25,2024,2024,7,11,30,47,corn,world,1058922,Metric Tons
01-10-2026,2024-07-25,2024,2024,7,11,30,47,soybeans,world,403268,Metric Tons
01-10-2026,2024-07-18,2024,2025,7,2,29,7,wheat,world,237965,Metric Tons
01-10-2026,2024-07-18,2024,2024,7,11,29,46,soybeans,world,327061,Metric Tons
01-10-2026,2024-07-18,2024,2024,7,11,29,46,corn,world,970539,Metric Tons
01-10-2026,2024-07-11,2024,2024,7,11,28,45,soybeans,world,168593,Metric Tons
01-10-2026,2024-07-11,2024,2025,7,2,28,6,wheat,world,533828,Metric Tons
01-10-2026,2024-07-11,2024,2024,7,11,28,45,corn,world,1078911,Metric Tons
01-10-2026,2024-07-04,2024,2024,7,11,27,44,corn,world,1023905,Metric Tons
01-10-2026,2024-07-04,2024,2024,7,11,27,44,soybeans,world,273321,Metric Tons
01-10-2026,2024-07-04,2024,2025,7,2,27,5,wheat,world,341005,Metric Tons
01-10-2026,2024-06-27,2024,2024,6,10,26,43,corn,world,819577,Metric Tons
01-10-2026,2024-06-27,2024,2025,6,1,26,4,wheat,world,309775,Metric Tons
01-10-2026,2024-06-27,2024,2024,6,10,26,43,soybeans,world,303023,Metric Tons
01-10-2026,2024-06-20,2024,2025,6,1,25,3,wheat,world,342692,Metric Tons
01-10-2026,2024-06-20,2024,2024,6,10,25,42,corn,world,1117698,Metric Tons
01-10-2026,2024-06-20,2024,2024,6,10,25,42,soybeans,world,342293,Metric Tons
01-10-2026,2024-06-13,2024,2025,6,1,24,2,wheat,world,374637,Metric Tons
01-10-2026,2024-06-13,2024,2024,6,10,24,41,soybeans,world,334237,Metric Tons
01-10-2026,2024-06-13,2024,2024,6,10,24,41,corn,world,1286893,Metric Tons
01-10-2026,2024-06-06,2024,2024,6,10,23,40,corn,world,1339849,Metric Tons
01-10-2026,2024-06-06,2024,2025,6,1,23,1,wheat,world,352202,Metric Tons
01-10-2026,2024-06-06,2024,2024,6,10,23,40,soybeans,world,231002,Metric Tons
01-10-2026,2024-05-30,2024,2024,5,12,22,53,wheat,world,416010,Metric Tons
01-10-2026,2024-05-30,2024,2024,5,9,22,39,soybeans,world,348644,Metric Tons
01-10-2026,2024-05-30,2024,2024,5,9,22,39,corn,world,1374391,Metric Tons
01-10-2026,2024-05-23,2024,2024,5,9,21,38,corn,world,1077336,Metric Tons
01-10-2026,2024-05-23,2024,2024,5,12,21,52,wheat,world,398904,Metric Tons
01-10-2026,2024-05-23,2024,2024,5,9,21,38,soybeans,world,212105,Metric Tons
01-10-2026,2024-05-16,2024,2024,5,9,20,37,corn,world,1210541,Metric Tons
01-10-2026,2024-05-16,2024,2024,5,12,20,51,wheat,world,205612,Metric Tons
01-10-2026,2024-05-16,2024,2024,5,9,20,37,soybeans,world,184128,Metric Tons
01-10-2026,2024-05-09,2024,2024,5,9,19,36,soybeans,world,406052,Metric Tons
01-10-2026,2024-05-09,2024,2024,5,9,19,36,corn,world,937729,Metric Tons
01-10-2026,2024-05-09,2024,2024,5,12,19,50,wheat,world,366339,Metric Tons
01-10-2026,2024-05-02,2024,2024,5,9,18,35,corn,world,1285986,Metric Tons
01-10-2026,2024-05-02,2024,2024,5,9,18,35,soybeans,world,348654,Metric Tons
01-10-2026,2024-05-02,2024,2024,5,12,18,49,wheat,world,321124,Metric Tons
01-10-2026,2024-04-25,2024,2024,4,8,17,34,corn,world,1225952,Metric Tons
01-10-2026,2024-04-25,2024,2024,4,11,17,48,wheat,world,481183,Metric Tons
01-10-2026,2024-04-25,2024,2024,4,8,17,34,soybeans,world,250332,Metric Tons
01-10-2026,2024-04-18,2024,2024,4,8,16,33,corn,world,1623532,Metric Tons
01-10-2026,2024-04-18,2024,2024,4,11,16,47,wheat,world,450275,Metric Tons
01-10-2026,2024-04-18,2024,2024,4,8,16,33,soybeans,world,435256,Metric Tons
01-10-2026,2024-04-11,2024,2024,4,8,15,32,corn,world,1331683,Metric Tons
01-10-2026,2024-04-11,2024,2024,4,8,15,32,soybeans,world,432905,Metric Tons
01-10-2026,2024-04-11,2024,2024,4,11,15,46,wheat,world,551278,Metric Tons
01-10-2026,2024-04-04,2024,2024,4,8,14,31,soybeans,world,484328,Metric Tons
01-10-2026,2024-04-04,2024,2024,4,11,14,45,wheat,world,497534,Metric Tons
01-10-2026,2024-04-04,2024,2024,4,8,14,31,corn,world,1420023,Metric Tons
01-10-2026,2024-03-28,2024,2024,3,10,13,44,wheat,world,498989,Metric Tons
01-10-2026,2024-03-28,2024,2024,3,7,13,30,soybeans,world,414484,Metric Tons
01-10-2026,2024-03-28,2024,2024,3,7,13,30,corn,world,1431535,Metric Tons
01-10-2026,2024-03-21,2024,2024,3,7,12,29,corn,world,1227955,Metric Tons
01-10-2026,2024-03-21,2024,2024,3,10,12,43,wheat,world,315395,Metric Tons
01-10-2026,2024-03-21,2024,2024,3,7,12,29,soybeans,world,768711,Metric Tons
01-10-2026,2024-03-14,2024,2024,3,7,11,28,soybeans,world,686181,Metric Tons
01-10-2026,2024-03-14,2024,2024,3,10,11,42,wheat,world,302302,Metric Tons
01-10-2026,2024-03-14,2024,2024,3,7,11,28,corn,world,1238897,Metric Tons
01-10-2026,2024-03-07,2024,2024,3,7,10,27,soybeans,world,706334,Metric Tons
01-10-2026,2024-03-07,2024,2024,3,7,10,27,corn,world,1121912,Metric Tons
01-10-2026,2024-03-07,2024,2024,3,10,10,41,wheat,world,402874,Metric Tons
01-10-2026,2024-02-29,2024,2024,2,6,9,26,corn,world,1083503,Metric Tons
01-10-2026,2024-02-29,2024,2024,2,6,9,26,soybeans,world,1021385,Metric Tons
01-10-2026,2024-02-29,2024,2024,2,9,9,40,wheat,world,353137,Metric Tons
01-10-2026,2024-02-22,2024,2024,2,6,8,25,corn,world,1241692,Metric Tons
01-10-2026,2024-02-22,2024,2024,2,9,8,39,wheat,world,481999,Metric Tons
01-10-2026,2024-02-22,2024,2024,2,6,8,25,soybeans,world,974977,Metric Tons
01-10-2026,2024-02-15,2024,2024,2,6,7,24,corn,world,918610,Metric Tons
01-10-2026,2024-02-15,2024,2024,2,6,7,24,soybeans,world,1185885,Metric Tons
01-10-2026,2024-02-15,2024,2024,2,9,7,38,wheat,world,380774,Metric Tons
01-10-2026,2024-02-08,2024,2024,2,6,6,23,corn,world,880074,Metric Tons
01-10-2026,2024-02-08,2024,2024,2,9,6,37,wheat,world,407476,Metric Tons
01-10-2026,2024-02-08,2024,2024,2,6,6,23,soybeans,world,1326243,Metric Tons
01-10-2026,2024-02-01,2024,2024,2,9,5,36,wheat,world,266269,Metric Tons
01-10-2026,2024-02-01,2024,2024,2,6,5,22,soybeans,world,1426472,Metric Tons
01-10-2026,2024-02-01,2024,2024,2,6,5,22,corn,world,624295,Metric Tons
01-10-2026,2024-01-25,2024,2024,1,8,4,35,wheat,world,264666,Metric Tons
01-10-2026,2024-01-25,2024,2024,1,5,4,21,corn,world,901958,Metric Tons
01-10-2026,2024-01-25,2024,2024,1,5,4,21,soybeans,world,889717,Metric Tons
01-10-2026,2024-01-18,2024,2024,1,5,3,20,soybeans,world,1161100,Metric Tons
01-10-2026,2024-01-18,2024,2024,1,8,3,34,wheat,world,314521,Metric Tons
01-10-2026,2024-01-18,2024,2024,1,5,3,20,corn,world,713290,Metric Tons
01-10-2026,2024-01-11,2024,2024,1,5,2,19,soybeans,world,1264468,Metric Tons
01-10-2026,2024-01-11,2024,2024,1,8,2,33,wheat,world,234205,Metric Tons
01-10-2026,2024-01-11,2024,2024,1,5,2,19,corn,world,875621,Metric Tons
01-10-2026,2024-01-04,2024,2024,1,5,1,18,soybeans,world,674749,Metric Tons
01-10-2026,2024-01-04,2024,2024,1,8,1,32,wheat,world,491074,Metric Tons
01-10-2026,2024-01-04,2024,2024,1,5,1,18,corn,world,856597,Metric Tons
01-10-2026,2023-12-28,2023,2024,12,4,52,17,corn,world,569735,Metric Tons
01-10-2026,2023-12-28,2023,2024,12,7,52,31,wheat,world,273671,Metric Tons
01-10-2026,2023-12-28,2023,2024,12,4,52,17,soybeans,world,961694,Metric Tons
01-10-2026,2023-12-21,2023,2024,12,4,51,16,corn,world,1081777,Metric Tons
01-10-2026,2023-12-21,2023,2024,12,7,51,30,wheat,world,428663,Metric Tons
01-10-2026,2023-12-21,2023,2024,12,4,51,16,soybeans,world,1070411,Metric Tons
01-10-2026,2023-12-14,2023,2024,12,7,50,29,wheat,world,284792,Metric Tons
01-10-2026,2023-12-14,2023,2024,12,4,50,15,corn,world,947418,Metric Tons
01-10-2026,2023-12-14,2023,2024,12,4,50,15,soybeans,world,1411567,Metric Tons
01-10-2026,2023-12-07,2023,2024,12,4,49,14,corn,world,711733,Metric Tons
01-10-2026,2023-12-07,2023,2024,12,7,49,28,wheat,world,281697,Metric Tons
01-10-2026,2023-12-07,2023,2024,12,4,49,14,soybeans,world,984410,Metric Tons
01-10-2026,2023-11-30,2023,2024,11,3,48,13,soybeans,world,1108864,Metric Tons
01-10-2026,2023-11-30,2023,2024,11,6,48,27,wheat,world,187955,Metric Tons
01-10-2026,2023-11-30,2023,2024,11,3,48,13,corn,world,1158086,Metric Tons
01-10-2026,2023-11-23,2023,2024,11,3,47,12,soybeans,world,1443385,Metric Tons
01-10-2026,2023-11-23,2023,2024,11,6,47,26,wheat,world,276585,Metric Tons
01-10-2026,2023-11-23,2023,2024,11,3,47,12,corn,world,406680,Metric Tons
01-10-2026,2023-11-16,2023,2024,11,3,46,11,soybeans,world,1609413,Metric Tons
01-10-2026,2023-11-16,2023,2024,11,6,46,25,wheat,world,358254,Metric Tons
01-10-2026,2023-11-16,2023,2024,11,3,46,11,corn,world,553899,Metric Tons
01-10-2026,2023-11-09,2023,2024,11,3,45,10,soybeans,world,1666467,Metric Tons
01-10-2026,2023-11-09,2023,2024,11,6,45,24,wheat,world,207205,Metric Tons
01-10-2026,2023-11-09,2023,2024,11,3,45,10,corn,world,608810,Metric Tons
01-10-2026,2023-11-02,2023,2024,11,3,44,9,corn,world,535191,Metric Tons
01-10-2026,2023-11-02,2023,2024,11,6,44,23,wheat,world,71608,Metric Tons
01-10-2026,2023-11-02,2023,2024,11,3,44,9,soybeans,world,2085419,Metric Tons
01-10-2026,2023-10-26,2023,2024,10,2,43,8,corn,world,531516,Metric Tons
01-10-2026,2023-10-26,2023,2024,10,5,43,22,wheat,world,189842,Metric Tons
01-10-2026,2023-10-26,2023,2024,10,2,43,8,soybeans,world,1890227,Metric Tons
01-10-2026,2023-10-19,2023,2024,10,2,42,7,corn,world,437549,Metric Tons
01-10-2026,2023-10-19,2023,2024,10,5,42,21,wheat,world,168868,Metric Tons
01-10-2026,2023-10-19,2023,2024,10,2,42,7,soybeans,world,2458955,Metric Tons
01-10-2026,2023-10-12,2023,2024,10,2,41,6,corn,world,434471,Metric Tons
01-10-2026,2023-10-12,2023,2024,10,5,41,20,wheat,world,354771,Metric Tons
01-10-2026,2023-10-12,2023,2024,10,2,41,6,soybeans,world,2011599,Metric Tons
01-10-2026,2023-10-05,2023,2024,10,2,40,5,corn,world,550585,Metric Tons
01-10-2026,2023-10-05,2023,2024,10,5,40,19,wheat,world,265242,Metric Tons
01-10-2026,2023-10-05,2023,2024,10,2,40,5,soybeans,world,1036223,Metric Tons
01-10-2026,2023-09-28,2023,2024,9,4,39,18,wheat,world,397594,Metric Tons
01-10-2026,2023-09-28,2023,2024,9,1,39,4,corn,world,625870,Metric Tons
01-10-2026,2023-09-28,2023,2024,9,1,39,4,soybeans,world,663355,Metric Tons
01-10-2026,2023-09-21,2023,2024,9,1,38,3,corn,world,660811,Metric Tons
01-10-2026,2023-09-21,2023,2024,9,4,38,17,wheat,world,451004,Metric Tons
01-10-2026,2023-09-21,2023,2024,9,1,38,3,soybeans,world,481638,Metric Tons
01-10-2026,2023-09-14,2023,2024,9,4,37,16,wheat,world,367371,Metric Tons
01-10-2026,2023-09-14,2023,2024,9,1,37,2,corn,world,642095,Metric Tons
01-10-2026,2023-09-14,2023,2024,9,1,37,2,soybeans,world,393004,Metric Tons
01-10-2026,2023-09-07,2023,2024,9,4,36,15,wheat,world,406181,Metric Tons
01-10-2026,2023-09-07,2023,2024,9,1,36,1,soybeans,world,310073,Metric Tons
01-10-2026,2023-09-07,2023,2024,9,1,36,1,corn,world,623862,Metric Tons
01-10-2026,2023-08-31,2023,2023,8,12,35,53,soybeans,world,378595,Metric Tons
01-10-2026,2023-08-31,2023,2024,8,3,35,14,wheat,world,299862,Metric Tons
01-10-2026,2023-08-31,2023,2023,8,12,35,53,corn,world,481309,Metric Tons
01-10-2026,2023-08-24,2023,2023,8,12,34,52,corn,world,597144,Metric Tons
01-10-2026,2023-08-24,2023,2023,8,12,34,52,soybeans,world,322149,Metric Tons
01-10-2026,2023-08-24,2023,2024,8,3,34,13,wheat,world,390364,Metric Tons
01-10-2026,2023-08-17,2023,2023,8,12,33,51,soybeans,world,316074,Metric Tons
01-10-2026,2023-08-17,2023,2024,8,3,33,12,wheat,world,311314,Metric Tons
01-10-2026,2023-08-17,2023,2023,8,12,33,51,corn,world,482526,Metric Tons
01-10-2026,2023-08-10,2023,2023,8,12,32,50,soybeans,world,297797,Metric Tons
01-10-2026,2023-08-10,2023,2024,8,3,32,11,wheat,world,183289,Metric Tons
01-10-2026,2023-08-10,2023,2023,8,12,32,50,corn,world,398269,Metric Tons
01-10-2026,2023-08-03,2023,2024,8,3,31,10,wheat,world,275067,Metric Tons
01-10-2026,2023-08-03,2023,2023,8,12,31,49,soybeans,world,281857,Metric Tons
01-10-2026,2023-08-03,2023,2023,8,12,31,49,corn,world,376623,Metric Tons
01-10-2026,2023-07-27,2023,2023,7,11,30,48,corn,world,522927,Metric Tons
01-10-2026,2023-07-27,2023,2023,7,11,30,48,soybeans,world,329518,Metric Tons
01-10-2026,2023-07-27,2023,2024,7,2,30,9,wheat,world,581278,Metric Tons
01-10-2026,2023-07-20,2023,2024,7,2,29,8,wheat,world,358796,Metric Tons
01-10-2026,2023-07-20,2023,2023,7,11,29,47,corn,world,309981,Metric Tons
01-10-2026,2023-07-20,2023,2023,7,11,29,47,soybeans,world,283378,Metric Tons
01-10-2026,2023-07-13,2023,2023,7,11,28,46,corn,world,363818,Metric Tons
01-10-2026,2023-07-13,2023,2024,7,2,28,7,wheat,world,253409,Metric Tons
01-10-2026,2023-07-13,2023,2023,7,11,28,46,soybeans,world,155556,Metric Tons
01-10-2026,2023-07-06,2023,2024,7,2,27,6,wheat,world,419134,Metric Tons
01-10-2026,2023-07-06,2023,2023,7,11,27,45,corn,world,341024,Metric Tons
01-10-2026,2023-07-06,2023,2023,7,11,27,45,soybeans,world,238234,Metric Tons
01-10-2026,2023-06-29,2023,2023,6,10,26,44,corn,world,642900,Metric Tons
01-10-2026,2023-06-29,2023,2024,6,1,26,5,wheat,world,336349,Metric Tons
01-10-2026,2023-06-29,2023,2023,6,10,26,44,soybeans,world,250055,Metric Tons
01-10-2026,2023-06-22,2023,2023,6,10,25,43,soybeans,world,141158,Metric Tons
01-10-2026,2023-06-22,2023,2024,6,1,25,4,wheat,world,203724,Metric Tons
01-10-2026,2023-06-22,2023,2023,6,10,25,43,corn,world,542727,Metric Tons
01-10-2026,2023-06-15,2023,2023,6,10,24,42,corn,world,877310,Metric Tons
01-10-2026,2023-06-15,2023,2024,6,1,24,3,wheat,world,237820,Metric Tons
01-10-2026,2023-06-15,2023,2023,6,10,24,42,soybeans,world,185184,Metric Tons
01-10-2026,2023-06-08,2023,2023,6,10,23,41,soybeans,world,140179,Metric Tons
01-10-2026,2023-06-08,2023,2024,6,1,23,2,wheat,world,246559,Metric Tons
01-10-2026,2023-06-08,2023,2023,6,10,23,41,corn,world,1169134,Metric Tons
01-10-2026,2023-06-01,2023,2023,6,10,22,40,soybeans,world,214247,Metric Tons
01-10-2026,2023-06-01,2023,2024,6,1,22,1,wheat,world,291599,Metric Tons
01-10-2026,2023-06-01,2023,2023,6,10,22,40,corn,world,1180954,Metric Tons
01-10-2026,2023-05-25,2023,2023,5,9,21,39,corn,world,1313411,Metric Tons
01-10-2026,2023-05-25,2023,2023,5,12,21,52,wheat,world,382031,Metric Tons
01-10-2026,2023-05-25,2023,2023,5,9,21,39,soybeans,world,239736,Metric Tons
01-10-2026,2023-05-18,2023,2023,5,9,20,38,corn,world,1323117,Metric Tons
01-10-2026,2023-05-18,2023,2023,5,9,20,38,soybeans,world,155051,Metric Tons
01-10-2026,2023-05-18,2023,2023,5,12,20,51,wheat,world,407682,Metric Tons
01-10-2026,2023-05-11,2023,2023,5,9,19,37,soybeans,world,147897,Metric Tons
01-10-2026,2023-05-11,2023,2023,5,12,19,50,wheat,world,242269,Metric Tons
01-10-2026,2023-05-11,2023,2023,5,9,19,37,corn,world,1173783,Metric Tons
01-10-2026,2023-05-04,2023,2023,5,9,18,36,soybeans,world,394755,Metric Tons
01-10-2026,2023-05-04,2023,2023,5,9,18,36,corn,world,963351,Metric Tons
01-10-2026,2023-05-04,2023,2023,5,12,18,49,wheat,world,209138,Metric Tons
01-10-2026,2023-04-27,2023,2023,4,8,17,35,soybeans,world,401976,Metric Tons
01-10-2026,2023-04-27,2023,2023,4,11,17,48,wheat,world,358273,Metric Tons
01-10-2026,2023-04-27,2023,2023,4,8,17,35,corn,world,1518202,Metric Tons
01-10-2026,2023-04-20,2023,2023,4,8,16,34,corn,world,913813,Metric Tons
01-10-2026,2023-04-20,2023,2023,4,8,16,34,soybeans,world,374960,Metric Tons
01-10-2026,2023-04-20,2023,2023,4,11,16,47,wheat,world,363826,Metric Tons
01-10-2026,2023-04-13,2023,2023,4,8,15,33,soybeans,world,526376,Metric Tons
01-10-2026,2023-04-13,2023,2023,4,11,15,46,wheat,world,239907,Metric Tons
01-10-2026,2023-04-13,2023,2023,4,8,15,33,corn,world,1215221,Metric Tons
01-10-2026,2023-04-06,2023,2023,4,8,14,32,soybeans,world,669566,Metric Tons
01-10-2026,2023-04-06,2023,2023,4,11,14,45,wheat,world,335444,Metric Tons
01-10-2026,2023-04-06,2023,2023,4,8,14,32,corn,world,805167,Metric Tons
01-10-2026,2023-03-30,2023,2023,3,7,13,31,corn,world,1097654,Metric Tons
01-10-2026,2023-03-30,2023,2023,3,7,13,31,soybeans,world,499054,Metric Tons
01-10-2026,2023-03-30,2023,2023,3,10,13,44,wheat,world,168543,Metric Tons
01-10-2026,2023-03-23,2023,2023,3,7,12,30,soybeans,world,888707,Metric Tons
01-10-2026,2023-03-23,2023,2023,3,7,12,30,corn,world,666325,Metric Tons
01-10-2026,2023-03-23,2023,2023,3,10,12,43,wheat,world,392484,Metric Tons
01-10-2026,2023-03-16,2023,2023,3,7,11,29,corn,world,1188666,Metric Tons
01-10-2026,2023-03-16,2023,2023,3,10,11,42,wheat,world,374224,Metric Tons
01-10-2026,2023-03-16,2023,2023,3,7,11,29,soybeans,world,716618,Metric Tons
01-10-2026,2023-03-09,2023,2023,3,7,10,28,soybeans,world,618803,Metric Tons
01-10-2026,2023-03-09,2023,2023,3,7,10,28,corn,world,999388,Metric Tons
01-10-2026,2023-03-09,2023,2023,3,10,10,41,wheat,world,249017,Metric Tons
01-10-2026,2023-03-02,2023,2023,3,10,9,40,wheat,world,268136,Metric Tons
01-10-2026,2023-03-02,2023,2023,3,7,9,27,corn,world,899810,Metric Tons
01-10-2026,2023-03-02,2023,2023,3,7,9,27,soybeans,world,542238,Metric Tons
01-10-2026,2023-02-23,2023,2023,2,6,8,26,soybeans,world,690984,Metric Tons
01-10-2026,2023-02-23,2023,2023,2,9,8,39,wheat,world,591725,Metric Tons
01-10-2026,2023-02-23,2023,2023,2,6,8,26,corn,world,572622,Metric Tons
01-10-2026,2023-02-16,2023,2023,2,6,7,25,corn,world,622841,Metric Tons
01-10-2026,2023-02-16,2023,2023,2,9,7,38,wheat,world,373429,Metric Tons
01-10-2026,2023-02-16,2023,2023,2,6,7,25,soybeans,world,1578066,Metric Tons
01-10-2026,2023-02-09,2023,2023,2,6,6,24,corn,world,511506,Metric Tons
01-10-2026,2023-02-09,2023,2023,2,6,6,24,soybeans,world,1555166,Metric Tons
01-10-2026,2023-02-09,2023,2023,2,9,6,37,wheat,world,472327,Metric Tons
01-10-2026,2023-02-02,2023,2023,2,6,5,23,corn,world,480205,Metric Tons
01-10-2026,2023-02-02,2023,2023,2,9,5,36,wheat,world,536355,Metric Tons
01-10-2026,2023-02-02,2023,2023,2,6,5,23,soybeans,world,1829826,Metric Tons
01-10-2026,2023-01-26,2023,2023,1,5,4,22,soybeans,world,1855293,Metric Tons
01-10-2026,2023-01-26,2023,2023,1,8,4,35,wheat,world,445433,Metric Tons
01-10-2026,2023-01-26,2023,2023,1,5,4,22,corn,world,527932,Metric Tons
01-10-2026,2023-01-19,2023,2023,1,5,3,21,soybeans,world,1805744,Metric Tons
01-10-2026,2023-01-19,2023,2023,1,8,3,34,wheat,world,334217,Metric Tons
01-10-2026,2023-01-19,2023,2023,1,5,3,21,corn,world,727643,Metric Tons
01-10-2026,2023-01-12,2023,2023,1,5,2,20,soybeans,world,2075197,Metric Tons
01-10-2026,2023-01-12,2023,2023,1,8,2,33,wheat,world,320473,Metric Tons
01-10-2026,2023-01-12,2023,2023,1,5,2,20,corn,world,774461,Metric Tons
01-10-2026,2023-01-05,2023,2023,1,5,1,19,soybeans,world,1438183,Metric Tons
01-10-2026,2023-01-05,2023,2023,1,8,1,32,wheat,world,201673,Metric Tons
01-10-2026,2023-01-05,2023,2023,1,5,1,19,corn,world,397585,Metric Tons
01-10-2026,2022-12-29,2022,2023,12,4,52,18,corn,world,667010,Metric Tons
01-10-2026,2022-12-29,2022,2023,12,7,52,31,wheat,world,85672,Metric Tons
01-10-2026,2022-12-29,2022,2023,12,4,52,18,soybeans,world,1462882,Metric Tons
01-10-2026,2022-12-22,2022,2023,12,4,51,17,soybeans,world,1753085,Metric Tons
01-10-2026,2022-12-22,2022,2023,12,7,51,30,wheat,world,280554,Metric Tons
01-10-2026,2022-12-22,2022,2023,12,4,51,17,corn,world,856606,Metric Tons
01-10-2026,2022-12-15,2022,2023,12,4,50,16,corn,world,743420,Metric Tons
01-10-2026,2022-12-15,2022,2023,12,4,50,16,soybeans,world,1619850,Metric Tons
01-10-2026,2022-12-15,2022,2023,12,7,50,29,wheat,world,304108,Metric Tons
01-10-2026,2022-12-08,2022,2023,12,7,49,28,wheat,world,218460,Metric Tons
01-10-2026,2022-12-08,2022,2023,12,4,49,15,soybeans,world,1839761,Metric Tons
01-10-2026,2022-12-08,2022,2023,12,4,49,15,corn,world,505014,Metric Tons
01-10-2026,2022-12-01,2022,2023,12,4,48,14,soybeans,world,1721828,Metric Tons
01-10-2026,2022-12-01,2022,2023,12,7,48,27,wheat,world,334653,Metric Tons
01-10-2026,2022-12-01,2022,2023,12,4,48,14,corn,world,524313,Metric Tons
01-10-2026,2022-11-24,2022,2023,11,6,47,26,wheat,world,198519,Metric Tons
01-10-2026,2022-11-24,2022,2023,11,3,47,13,corn,world,302350,Metric Tons
01-10-2026,2022-11-24,2022,2023,11,3,47,13,soybeans,world,2022443,Metric Tons
01-10-2026,2022-11-17,2022,2023,11,3,46,12,corn,world,495395,Metric Tons
01-10-2026,2022-11-17,2022,2023,11,3,46,12,soybeans,world,2329082,Metric Tons
01-10-2026,2022-11-17,2022,2023,11,6,46,25,wheat,world,279904,Metric Tons
01-10-2026,2022-11-10,2022,2023,11,3,45,11,corn,world,484001,Metric Tons
01-10-2026,2022-11-10,2022,2023,11,3,45,11,soybeans,world,1857872,Metric Tons
01-10-2026,2022-11-10,2022,2023,11,6,45,24,wheat,world,76408,Metric Tons
01-10-2026,2022-11-03,2022,2023,11,6,44,23,wheat,world,180991,Metric Tons
01-10-2026,2022-11-03,2022,2023,11,3,44,10,corn,world,231458,Metric Tons
01-10-2026,2022-11-03,2022,2023,11,3,44,10,soybeans,world,2591127,Metric Tons
01-10-2026,2022-10-27,2022,2023,10,2,43,9,corn,world,422288,Metric Tons
01-10-2026,2022-10-27,2022,2023,10,5,43,22,wheat,world,137082,Metric Tons
01-10-2026,2022-10-27,2022,2023,10,2,43,9,soybeans,world,2574060,Metric Tons
01-10-2026,2022-10-20,2022,2023,10,2,42,8,soybeans,world,2888829,Metric Tons
01-10-2026,2022-10-20,2022,2023,10,5,42,21,wheat,world,125582,Metric Tons
01-10-2026,2022-10-20,2022,2023,10,2,42,8,corn,world,470623,Metric Tons
01-10-2026,2022-10-13,2022,2023,10,5,41,20,wheat,world,231842,Metric Tons
01-10-2026,2022-10-13,2022,2023,10,2,41,7,soybeans,world,1882386,Metric Tons
01-10-2026,2022-10-13,2022,2023,10,2,41,7,corn,world,448423,Metric Tons
01-10-2026,2022-10-06,2022,2023,10,5,40,19,wheat,world,614371,Metric Tons
01-10-2026,2022-10-06,2022,2023,10,2,40,6,corn,world,457366,Metric Tons
01-10-2026,2022-10-06,2022,2023,10,2,40,6,soybeans,world,969212,Metric Tons
01-10-2026,2022-09-29,2022,2023,9,1,39,5,soybeans,world,575220,Metric Tons
01-10-2026,2022-09-29,2022,2023,9,1,39,5,corn,world,661658,Metric Tons
01-10-2026,2022-09-29,2022,2023,9,4,39,18,wheat,world,667577,Metric Tons
01-10-2026,2022-09-22,2022,2023,9,4,38,17,wheat,world,520464,Metric Tons
01-10-2026,2022-09-22,2022,2023,9,1,38,4,soybeans,world,257547,Metric Tons
01-10-2026,2022-09-22,2022,2023,9,1,38,4,corn,world,459420,Metric Tons
01-10-2026,2022-09-15,2022,2023,9,1,37,3,soybeans,world,518743,Metric Tons
01-10-2026,2022-09-15,2022,2023,9,4,37,16,wheat,world,790145,Metric Tons
01-10-2026,2022-09-15,2022,2023,9,1,37,3,corn,world,549354,Metric Tons
01-10-2026,2022-09-08,2022,2023,9,1,36,2,soybeans,world,329225,Metric Tons
01-10-2026,2022-09-08,2022,2023,9,4,36,15,wheat,world,736515,Metric Tons
01-10-2026,2022-09-08,2022,2023,9,1,36,2,corn,world,446620,Metric Tons
01-10-2026,2022-09-01,2022,2023,9,4,35,14,wheat,world,477657,Metric Tons
01-10-2026,2022-09-01,2022,2023,9,1,35,1,corn,world,518373,Metric Tons
01-10-2026,2022-09-01,2022,2023,9,1,35,1,soybeans,world,495845,Metric Tons
01-10-2026,2022-08-25,2022,2023,8,3,34,13,wheat,world,520791,Metric Tons
01-10-2026,2022-08-25,2022,2022,8,12,34,52,soybeans,world,436851,Metric Tons
01-10-2026,2022-08-25,2022,2022,8,12,34,52,corn,world,689052,Metric Tons
01-10-2026,2022-08-18,2022,2022,8,12,33,51,soybeans,world,686583,Metric Tons
01-10-2026,2022-08-18,2022,2023,8,3,33,12,wheat,world,594273,Metric Tons
01-10-2026,2022-08-18,2022,2022,8,12,33,51,corn,world,740508,Metric Tons
01-10-2026,2022-08-11,2022,2023,8,3,32,11,wheat,world,373227,Metric Tons
01-10-2026,2022-08-11,2022,2022,8,12,32,50,corn,world,538406,Metric Tons
01-10-2026,2022-08-11,2022,2022,8,12,32,50,soybeans,world,744571,Metric Tons
01-10-2026,2022-08-04,2022,2022,8,12,31,49,corn,world,555620,Metric Tons
01-10-2026,2022-08-04,2022,2023,8,3,31,10,wheat,world,603549,Metric Tons
01-10-2026,2022-08-04,2022,2022,8,12,31,49,soybeans,world,867504,Metric Tons
01-10-2026,2022-07-28,2022,2022,7,11,30,48,corn,world,856938,Metric Tons
01-10-2026,2022-07-28,2022,2023,7,2,30,9,wheat,world,256601,Metric Tons
01-10-2026,2022-07-28,2022,2022,7,11,30,48,soybeans,world,555083,Metric Tons
01-10-2026,2022-07-21,2022,2022,7,11,29,47,corn,world,724214,Metric Tons
01-10-2026,2022-07-21,2022,2023,7,2,29,8,wheat,world,475426,Metric Tons
01-10-2026,2022-07-21,2022,2022,7,11,29,47,soybeans,world,388212,Metric Tons
01-10-2026,2022-07-14,2022,2022,7,11,28,46,soybeans,world,362622,Metric Tons
01-10-2026,2022-07-14,2022,2023,7,2,28,7,wheat,world,185989,Metric Tons
01-10-2026,2022-07-14,2022,2022,7,11,28,46,corn,world,1073972,Metric Tons
01-10-2026,2022-07-07,2022,2022,7,11,27,45,soybeans,world,356716,Metric Tons
01-10-2026,2022-07-07,2022,2022,7,11,27,45,corn,world,933725,Metric Tons
01-10-2026,2022-07-07,2022,2023,7,2,27,6,wheat,world,309802,Metric Tons
01-10-2026,2022-06-30,2022,2023,6,1,26,5,wheat,world,111830,Metric Tons
01-10-2026,2022-06-30,2022,2022,6,10,26,44,corn,world,676824,Metric Tons
01-10-2026,2022-06-30,2022,2022,6,10,26,44,soybeans,world,354987,Metric Tons
01-10-2026,2022-06-23,2022,2022,6,10,25,43,soybeans,world,468309,Metric Tons
01-10-2026,2022-06-23,2022,2023,6,1,25,4,wheat,world,352404,Metric Tons
01-10-2026,2022-06-23,2022,2022,6,10,25,43,corn,world,1246014,Metric Tons
01-10-2026,2022-06-16,2022,2022,6,10,24,42,corn,world,1184268,Metric Tons
01-10-2026,2022-06-16,2022,2023,6,1,24,3,wheat,world,331328,Metric Tons
01-10-2026,2022-06-16,2022,2022,6,10,24,42,soybeans,world,427344,Metric Tons
01-10-2026,2022-06-09,2022,2023,6,1,23,2,wheat,world,388847,Metric Tons
01-10-2026,2022-06-09,2022,2022,6,10,23,41,soybeans,world,605129,Metric Tons
01-10-2026,2022-06-09,2022,2022,6,10,23,41,corn,world,1199976,Metric Tons
01-10-2026,2022-06-02,2022,2022,6,10,22,40,corn,world,1434683,Metric Tons
01-10-2026,2022-06-02,2022,2023,6,1,22,1,wheat,world,352779,Metric Tons
01-10-2026,2022-06-02,2022,2022,6,10,22,40,soybeans,world,350416,Metric Tons
01-10-2026,2022-05-26,2022,2022,5,12,21,52,wheat,world,343927,Metric Tons
01-10-2026,2022-05-26,2022,2022,5,9,21,39,soybeans,world,378262,Metric Tons
01-10-2026,2022-05-26,2022,2022,5,9,21,39,corn,world,1390851,Metric Tons
01-10-2026,2022-05-19,2022,2022,5,9,20,38,soybeans,world,575781,Metric Tons
01-10-2026,2022-05-19,2022,2022,5,12,20,51,wheat,world,309501,Metric Tons
01-10-2026,2022-05-19,2022,2022,5,9,20,38,corn,world,1699092,Metric Tons
01-10-2026,2022-05-12,2022,2022,5,12,19,50,wheat,world,348048,Metric Tons
01-10-2026,2022-05-12,2022,2022,5,9,19,37,corn,world,1036549,Metric Tons
01-10-2026,2022-05-12,2022,2022,5,9,19,37,soybeans,world,784187,Metric Tons
01-10-2026,2022-05-05,2022,2022,5,9,18,36,soybeans,world,503414,Metric Tons
01-10-2026,2022-05-05,2022,2022,5,12,18,49,wheat,world,236847,Metric Tons
01-10-2026,2022-05-05,2022,2022,5,9,18,36,corn,world,1392685,Metric Tons
01-10-2026,2022-04-28,2022,2022,4,8,17,35,soybeans,world,601282,Metric Tons
01-10-2026,2022-04-28,2022,2022,4,11,17,48,wheat,world,384460,Metric Tons
01-10-2026,2022-04-28,2022,2022,4,8,17,35,corn,world,1683994,Metric Tons
01-10-2026,2022-04-21,2022,2022,4,8,16,34,corn,world,1650844,Metric Tons
01-10-2026,2022-04-21,2022,2022,4,11,16,47,wheat,world,287997,Metric Tons
01-10-2026,2022-04-21,2022,2022,4,8,16,34,soybeans,world,602178,Metric Tons
01-10-2026,2022-04-14,2022,2022,4,8,15,33,corn,world,1139206,Metric Tons
01-10-2026,2022-04-14,2022,2022,4,11,15,46,wheat,world,432253,Metric Tons
01-10-2026,2022-04-14,2022,2022,4,8,15,33,soybeans,world,972509,Metric Tons
01-10-2026,2022-04-07,2022,2022,4,8,14,32,corn,world,1418827,Metric Tons
01-10-2026,2022-04-07,2022,2022,4,11,14,45,wheat,world,411012,Metric Tons
01-10-2026,2022-04-07,2022,2022,4,8,14,32,soybeans,world,766232,Metric Tons
01-10-2026,2022-03-31,2022,2022,3,7,13,31,corn,world,1528357,Metric Tons
01-10-2026,2022-03-31,2022,2022,3,7,13,31,soybeans,world,737372,Metric Tons
01-10-2026,2022-03-31,2022,2022,3,10,13,44,wheat,world,297341,Metric Tons
01-10-2026,2022-03-24,2022,2022,3,7,12,30,soybeans,world,628819,Metric Tons
01-10-2026,2022-03-24,2022,2022,3,7,12,30,corn,world,1606535,Metric Tons
01-10-2026,2022-03-24,2022,2022,3,10,12,43,wheat,world,341191,Metric Tons
01-10-2026,2022-03-17,2022,2022,3,7,11,29,soybeans,world,544986,Metric Tons
01-10-2026,2022-03-17,2022,2022,3,7,11,29,corn,world,1466311,Metric Tons
01-10-2026,2022-03-17,2022,2022,3,10,11,42,wheat,world,330632,Metric Tons
01-10-2026,2022-03-10,2022,2022,3,7,10,28,soybeans,world,772719,Metric Tons
01-10-2026,2022-03-10,2022,2022,3,7,10,28,corn,world,1144850,Metric Tons
01-10-2026,2022-03-10,2022,2022,3,10,10,41,wheat,world,282344,Metric Tons
01-10-2026,2022-03-03,2022,2022,3,10,9,40,wheat,world,343463,Metric Tons
01-10-2026,2022-03-03,2022,2022,3,7,9,27,corn,world,1582167,Metric Tons
01-10-2026,2022-03-03,2022,2022,3,7,9,27,soybeans,world,766250,Metric Tons
01-10-2026,2022-02-24,2022,2022,2,9,8,39,wheat,world,406138,Metric Tons
01-10-2026,2022-02-24,2022,2022,2,6,8,26,corn,world,1543751,Metric Tons
01-10-2026,2022-02-24,2022,2022,2,6,8,26,soybeans,world,735278,Metric Tons
01-10-2026,2022-02-17,2022,2022,2,6,7,25,corn,world,1576666,Metric Tons
01-10-2026,2022-02-17,2022,2022,2,6,7,25,soybeans,world,975102,Metric Tons
01-10-2026,2022-02-17,2022,2022,2,9,7,38,wheat,world,539366,Metric Tons
01-10-2026,2022-02-10,2022,2022,2,6,6,24,soybeans,world,1154958,Metric Tons
01-10-2026,2022-02-10,2022,2022,2,9,6,37,wheat,world,435188,Metric Tons
01-10-2026,2022-02-10,2022,2022,2,6,6,24,corn,world,1455106,Metric Tons
01-10-2026,2022-02-03,2022,2022,2,6,5,23,corn,world,1053202,Metric Tons
01-10-2026,2022-02-03,2022,2022,2,9,5,36,wheat,world,417750,Metric Tons
01-10-2026,2022-02-03,2022,2022,2,6,5,23,soybeans,world,1217991,Metric Tons
01-10-2026,2022-01-27,2022,2022,1,5,4,22,corn,world,1035734,Metric Tons
01-10-2026,2022-01-27,2022,2022,1,8,4,35,wheat,world,361375,Metric Tons
01-10-2026,2022-01-27,2022,2022,1,5,4,22,soybeans,world,1411411,Metric Tons
01-10-2026,2022-01-20,2022,2022,1,5,3,21,corn,world,1115731,Metric Tons
01-10-2026,2022-01-20,2022,2022,1,5,3,21,soybeans,world,1297802,Metric Tons
01-10-2026,2022-01-20,2022,2022,1,8,3,34,wheat,world,400973,Metric Tons
01-10-2026,2022-01-13,2022,2022,1,5,2,20,corn,world,1204188,Metric Tons
01-10-2026,2022-01-13,2022,2022,1,5,2,20,soybeans,world,1720497,Metric Tons
01-10-2026,2022-01-13,2022,2022,1,8,2,33,wheat,world,369188,Metric Tons
01-10-2026,2022-01-06,2022,2022,1,5,1,19,corn,world,1022677,Metric Tons
01-10-2026,2022-01-06,2022,2022,1,8,1,32,wheat,world,233159,Metric Tons
01-10-2026,2022-01-06,2022,2022,1,5,1,19,soybeans,world,905149,Metric Tons
01-10-2026,2021-12-30,2021,2022,12,7,52,31,wheat,world,141816,Metric Tons
01-10-2026,2021-12-30,2021,2022,12,4,52,18,corn,world,596092,Metric Tons
01-10-2026,2021-12-30,2021,2022,12,4,52,18,soybeans,world,1191739,Metric Tons
01-10-2026,2021-12-23,2021,2022,12,4,51,17,soybeans,world,1577417,Metric Tons
01-10-2026,2021-12-23,2021,2022,12,4,51,17,corn,world,719031,Metric Tons
01-10-2026,2021-12-23,2021,2022,12,7,51,30,wheat,world,271349,Metric Tons
01-10-2026,2021-12-16,2021,2022,12,7,50,29,wheat,world,211880,Metric Tons
01-10-2026,2021-12-16,2021,2022,12,4,50,16,corn,world,1001528,Metric Tons
01-10-2026,2021-12-16,2021,2022,12,4,50,16,soybeans,world,1679430,Metric Tons
01-10-2026,2021-12-09,2021,2022,12,4,49,15,corn,world,810395,Metric Tons
01-10-2026,2021-12-09,2021,2022,12,7,49,28,wheat,world,245090,Metric Tons
01-10-2026,2021-12-09,2021,2022,12,4,49,15,soybeans,world,1723970,Metric Tons
01-10-2026,2021-12-02,2021,2022,12,7,48,27,wheat,world,245963,Metric Tons
01-10-2026,2021-12-02,2021,2022,12,4,48,14,soybeans,world,2246664,Metric Tons
01-10-2026,2021-12-02,2021,2022,12,4,48,14,corn,world,758169,Metric Tons
01-10-2026,2021-11-25,2021,2022,11,3,47,13,soybeans,world,2142844,Metric Tons
01-10-2026,2021-11-25,2021,2022,11,6,47,26,wheat,world,250651,Metric Tons
01-10-2026,2021-11-25,2021,2022,11,3,47,13,corn,world,766063,Metric Tons
01-10-2026,2021-11-18,2021,2022,11,3,46,12,corn,world,618490,Metric Tons
01-10-2026,2021-11-18,2021,2022,11,6,46,25,wheat,world,177799,Metric Tons
01-10-2026,2021-11-18,2021,2022,11,3,46,12,soybeans,world,1684138,Metric Tons
01-10-2026,2021-11-11,2021,2022,11,6,45,24,wheat,world,388743,Metric Tons
01-10-2026,2021-11-11,2021,2022,11,3,45,11,soybeans,world,2073579,Metric Tons
01-10-2026,2021-11-11,2021,2022,11,3,45,11,corn,world,855698,Metric Tons
01-10-2026,2021-11-04,2021,2022,11,3,44,10,corn,world,563163,Metric Tons
01-10-2026,2021-11-04,2021,2022,11,6,44,23,wheat,world,231854,Metric Tons
01-10-2026,2021-11-04,2021,2022,11,3,44,10,soybeans,world,2646892,Metric Tons
01-10-2026,2021-10-28,2021,2022,10,5,43,22,wheat,world,115341,Metric Tons
01-10-2026,2021-10-28,2021,2022,10,2,43,9,soybeans,world,2272003,Metric Tons
01-10-2026,2021-10-28,2021,2022,10,2,43,9,corn,world,619340,Metric Tons
01-10-2026,2021-10-21,2021,2022,10,2,42,8,corn,world,545127,Metric Tons
01-10-2026,2021-10-21,2021,2022,10,5,42,21,wheat,world,140413,Metric Tons
01-10-2026,2021-10-21,2021,2022,10,2,42,8,soybeans,world,2103505,Metric Tons
01-10-2026,2021-10-14,2021,2022,10,2,41,7,soybeans,world,2298315,Metric Tons
01-10-2026,2021-10-14,2021,2022,10,2,41,7,corn,world,976218,Metric Tons
01-10-2026,2021-10-14,2021,2022,10,5,41,20,wheat,world,139753,Metric Tons
01-10-2026,2021-10-07,2021,2022,10,2,40,6,corn,world,746200,Metric Tons
01-10-2026,2021-10-07,2021,2022,10,5,40,19,wheat,world,435173,Metric Tons
01-10-2026,2021-10-07,2021,2022,10,2,40,6,soybeans,world,1611731,Metric Tons
01-10-2026,2021-09-30,2021,2022,9,1,39,5,corn,world,808814,Metric Tons
01-10-2026,2021-09-30,2021,2022,9,1,39,5,soybeans,world,844488,Metric Tons
01-10-2026,2021-09-30,2021,2022,9,4,39,18,wheat,world,611621,Metric Tons
01-10-2026,2021-09-23,2021,2022,9,4,38,17,wheat,world,286087,Metric Tons
01-10-2026,2021-09-23,2021,2022,9,1,38,4,soybeans,world,440742,Metric Tons
01-10-2026,2021-09-23,2021,2022,9,1,38,4,corn,world,517539,Metric Tons
01-10-2026,2021-09-16,2021,2022,9,1,37,3,soybeans,world,275169,Metric Tons
01-10-2026,2021-09-16,2021,2022,9,4,37,16,wheat,world,563390,Metric Tons
01-10-2026,2021-09-16,2021,2022,9,1,37,3,corn,world,403104,Metric Tons
01-10-2026,2021-09-09,2021,2022,9,1,36,2,corn,world,138189,Metric Tons
01-10-2026,2021-09-09,2021,2022,9,1,36,2,soybeans,world,105368,Metric Tons
01-10-2026,2021-09-09,2021,2022,9,4,36,15,wheat,world,547943,Metric Tons
01-10-2026,2021-09-02,2021,2022,9,1,35,1,soybeans,world,68059,Metric Tons
01-10-2026,2021-09-02,2021,2022,9,4,35,14,wheat,world,381551,Metric Tons
01-10-2026,2021-09-02,2021,2022,9,1,35,1,corn,world,275799,Metric Tons
01-10-2026,2021-08-26,2021,2021,8,12,34,52,soybeans,world,377341,Metric Tons
01-10-2026,2021-08-26,2021,2022,8,3,34,13,wheat,world,316844,Metric Tons
01-10-2026,2021-08-26,2021,2021,8,12,34,52,corn,world,562549,Metric Tons
01-10-2026,2021-08-19,2021,2021,8,12,33,51,soybeans,world,214061,Metric Tons
01-10-2026,2021-08-19,2021,2021,8,12,33,51,corn,world,724784,Metric Tons
01-10-2026,2021-08-19,2021,2022,8,3,33,12,wheat,world,657854,Metric Tons
01-10-2026,2021-08-12,2021,2022,8,3,32,11,wheat,world,440567,Metric Tons
01-10-2026,2021-08-12,2021,2021,8,12,32,50,soybeans,world,277637,Metric Tons
01-10-2026,2021-08-12,2021,2021,8,12,32,50,corn,world,754929,Metric Tons
01-10-2026,2021-08-05,2021,2021,8,12,31,49,corn,world,667220,Metric Tons
01-10-2026,2021-08-05,2021,2021,8,12,31,49,soybeans,world,114253,Metric Tons
01-10-2026,2021-08-05,2021,2022,8,3,31,10,wheat,world,605793,Metric Tons
01-10-2026,2021-07-29,2021,2021,7,11,30,48,soybeans,world,181193,Metric Tons
01-10-2026,2021-07-29,2021,2022,7,2,30,9,wheat,world,387743,Metric Tons
01-10-2026,2021-07-29,2021,2021,7,11,30,48,corn,world,1383718,Metric Tons
01-10-2026,2021-07-22,2021,2021,7,11,29,47,soybeans,world,241897,Metric Tons
01-10-2026,2021-07-22,2021,2022,7,2,29,8,wheat,world,477964,Metric Tons
01-10-2026,2021-07-22,2021,2021,7,11,29,47,corn,world,1036910,Metric Tons
01-10-2026,2021-07-15,2021,2021,7,11,28,46,soybeans,world,143934,Metric Tons
01-10-2026,2021-07-15,2021,2021,7,11,28,46,corn,world,1000512,Metric Tons
01-10-2026,2021-07-15,2021,2022,7,2,28,7,wheat,world,490626,Metric Tons
01-10-2026,2021-07-08,2021,2021,7,11,27,45,soybeans,world,200933,Metric Tons
01-10-2026,2021-07-08,2021,2022,7,2,27,6,wheat,world,424327,Metric Tons
01-10-2026,2021-07-08,2021,2021,7,11,27,45,corn,world,993974,Metric Tons
01-10-2026,2021-07-01,2021,2022,7,2,26,5,wheat,world,258438,Metric Tons
01-10-2026,2021-07-01,2021,2021,7,11,26,44,soybeans,world,206152,Metric Tons
01-10-2026,2021-07-01,2021,2021,7,11,26,44,corn,world,1235931,Metric Tons
01-10-2026,2021-06-24,2021,2021,6,10,25,43,soybeans,world,103965,Metric Tons
01-10-2026,2021-06-24,2021,2022,6,1,25,4,wheat,world,285654,Metric Tons
01-10-2026,2021-06-24,2021,2021,6,10,25,43,corn,world,1008351,Metric Tons
01-10-2026,2021-06-17,2021,2021,6,10,24,42,soybeans,world,175359,Metric Tons
01-10-2026,2021-06-17,2021,2021,6,10,24,42,corn,world,1481426,Metric Tons
01-10-2026,2021-06-17,2021,2022,6,1,24,3,wheat,world,548578,Metric Tons
01-10-2026,2021-06-10,2021,2022,6,1,23,2,wheat,world,480341,Metric Tons
01-10-2026,2021-06-10,2021,2021,6,10,23,41,corn,world,1544031,Metric Tons
01-10-2026,2021-06-10,2021,2021,6,10,23,41,soybeans,world,128092,Metric Tons
01-10-2026,2021-06-03,2021,2021,6,10,22,40,soybeans,world,237108,Metric Tons
01-10-2026,2021-06-03,2021,2022,6,1,22,1,wheat,world,418547,Metric Tons
01-10-2026,2021-06-03,2021,2021,6,10,22,40,corn,world,1413073,Metric Tons
01-10-2026,2021-05-27,2021,2021,5,9,21,39,corn,world,2049217,Metric Tons
01-10-2026,2021-05-27,2021,2021,5,12,21,52,wheat,world,256496,Metric Tons
01-10-2026,2021-05-27,2021,2021,5,9,21,39,soybeans,world,192221,Metric Tons
01-10-2026,2021-05-20,2021,2021,5,9,20,38,corn,world,1727878,Metric Tons
01-10-2026,2021-05-20,2021,2021,5,12,20,51,wheat,world,573912,Metric Tons
01-10-2026,2021-05-20,2021,2021,5,9,20,38,soybeans,world,193912,Metric Tons
01-10-2026,2021-05-13,2021,2021,5,9,19,37,soybeans,world,308818,Metric Tons
01-10-2026,2021-05-13,2021,2021,5,9,19,37,corn,world,1892243,Metric Tons
01-10-2026,2021-05-13,2021,2021,5,12,19,50,wheat,world,658509,Metric Tons
01-10-2026,2021-05-06,2021,2021,5,9,18,36,corn,world,1707142,Metric Tons
01-10-2026,2021-05-06,2021,2021,5,9,18,36,soybeans,world,236918,Metric Tons
01-10-2026,2021-05-06,2021,2021,5,12,18,49,wheat,world,545587,Metric Tons
01-10-2026,2021-04-29,2021,2021,4,8,17,35,corn,world,2139077,Metric Tons
01-10-2026,2021-04-29,2021,2021,4,11,17,48,wheat,world,509932,Metric Tons
01-10-2026,2021-04-29,2021,2021,4,8,17,35,soybeans,world,143418,Metric Tons
01-10-2026,2021-04-22,2021,2021,4,8,16,34,corn,world,1951012,Metric Tons
01-10-2026,2021-04-22,2021,2021,4,8,16,34,soybeans,world,233911,Metric Tons
01-10-2026,2021-04-22,2021,2021,4,11,16,47,wheat,world,564047,Metric Tons
01-10-2026,2021-04-15,2021,2021,4,8,15,33,soybeans,world,183986,Metric Tons
01-10-2026,2021-04-15,2021,2021,4,11,15,46,wheat,world,613595,Metric Tons
01-10-2026,2021-04-15,2021,2021,4,8,15,33,corn,world,1524777,Metric Tons
01-10-2026,2021-04-08,2021,2021,4,8,14,32,soybeans,world,327799,Metric Tons
01-10-2026,2021-04-08,2021,2021,4,8,14,32,corn,world,1584761,Metric Tons
01-10-2026,2021-04-08,2021,2021,4,11,14,45,wheat,world,458432,Metric Tons
01-10-2026,2021-04-01,2021,2021,4,11,13,44,wheat,world,594032,Metric Tons
01-10-2026,2021-04-01,2021,2021,4,8,13,31,corn,world,1912211,Metric Tons
01-10-2026,2021-04-01,2021,2021,4,8,13,31,soybeans,world,298252,Metric Tons
01-10-2026,2021-03-25,2021,2021,3,7,12,30,soybeans,world,425364,Metric Tons
01-10-2026,2021-03-25,2021,2021,3,10,12,43,wheat,world,302188,Metric Tons
01-10-2026,2021-03-25,2021,2021,3,7,12,30,corn,world,1695215,Metric Tons
01-10-2026,2021-03-18,2021,2021,3,7,11,29,soybeans,world,489405,Metric Tons
01-10-2026,2021-03-18,2021,2021,3,7,11,29,corn,world,1962118,Metric Tons
01-10-2026,2021-03-18,2021,2021,3,10,11,42,wheat,world,648485,Metric Tons
01-10-2026,2021-03-11,2021,2021,3,7,10,28,corn,world,2203962,Metric Tons
01-10-2026,2021-03-11,2021,2021,3,10,10,41,wheat,world,683492,Metric Tons
01-10-2026,2021-03-11,2021,2021,3,7,10,28,soybeans,world,518789,Metric Tons
01-10-2026,2021-03-04,2021,2021,3,7,9,27,soybeans,world,587594,Metric Tons
01-10-2026,2021-03-04,2021,2021,3,10,9,40,wheat,world,482130,Metric Tons
01-10-2026,2021-03-04,2021,2021,3,7,9,27,corn,world,1544460,Metric Tons
01-10-2026,2021-02-25,2021,2021,2,6,8,26,soybeans,world,879582,Metric Tons
01-10-2026,2021-02-25,2021,2021,2,9,8,39,wheat,world,272820,Metric Tons
01-10-2026,2021-02-25,2021,2021,2,6,8,26,corn,world,1636876,Metric Tons
01-10-2026,2021-02-18,2021,2021,2,6,7,25,corn,world,1231810,Metric Tons
01-10-2026,2021-02-18,2021,2021,2,6,7,25,soybeans,world,721845,Metric Tons
01-10-2026,2021-02-18,2021,2021,2,9,7,38,wheat,world,324597,Metric Tons
01-10-2026,2021-02-11,2021,2021,2,6,6,24,soybeans,world,809574,Metric Tons
01-10-2026,2021-02-11,2021,2021,2,6,6,24,corn,world,1322412,Metric Tons
01-10-2026,2021-02-11,2021,2021,2,9,6,37,wheat,world,392555,Metric Tons
01-10-2026,2021-02-04,2021,2021,2,6,5,23,soybeans,world,1800682,Metric Tons
01-10-2026,2021-02-04,2021,2021,2,9,5,36,wheat,world,441076,Metric Tons
01-10-2026,2021-02-04,2021,2021,2,6,5,23,corn,world,1576663,Metric Tons
01-10-2026,2021-01-28,2021,2021,1,5,4,22,corn,world,1104721,Metric Tons
01-10-2026,2021-01-28,2021,2021,1,8,4,35,wheat,world,396873,Metric Tons
01-10-2026,2021-01-28,2021,2021,1,5,4,22,soybeans,world,1792367,Metric Tons
01-10-2026,2021-01-21,2021,2021,1,5,3,21,corn,world,1391455,Metric Tons
01-10-2026,2021-01-21,2021,2021,1,5,3,21,soybeans,world,1978971,Metric Tons
01-10-2026,2021-01-21,2021,2021,1,8,3,34,wheat,world,523901,Metric Tons
01-10-2026,2021-01-14,2021,2021,1,5,2,20,soybeans,world,2058399,Metric Tons
01-10-2026,2021-01-14,2021,2021,1,8,2,33,wheat,world,276898,Metric Tons
01-10-2026,2021-01-14,2021,2021,1,5,2,20,corn,world,876774,Metric Tons
01-10-2026,2021-01-07,2021,2021,1,8,1,32,wheat,world,279390,Metric Tons
01-10-2026,2021-01-07,2021,2021,1,5,1,19,soybeans,world,1778581,Metric Tons
01-10-2026,2021-01-07,2021,2021,1,5,1,19,corn,world,1130744,Metric Tons
01-10-2026,2020-12-31,2020,2021,12,4,53,18,soybeans,world,1305786,Metric Tons
01-10-2026,2020-12-31,2020,2021,12,7,53,31,wheat,world,324983,Metric Tons
01-10-2026,2020-12-31,2020,2021,12,4,53,18,corn,world,912802,Metric Tons
01-10-2026,2020-12-24,2020,2021,12,4,52,17,soybeans,world,1447261,Metric Tons
01-10-2026,2020-12-24,2020,2021,12,7,52,30,wheat,world,303809,Metric Tons
01-10-2026,2020-12-24,2020,2021,12,4,52,17,corn,world,993710,Metric Tons
01-10-2026,2020-12-17,2020,2021,12,4,51,16,corn,world,762937,Metric Tons
01-10-2026,2020-12-17,2020,2021,12,7,51,29,wheat,world,391219,Metric Tons
01-10-2026,2020-12-17,2020,2021,12,4,51,16,soybeans,world,2532924,Metric Tons
01-10-2026,2020-12-10,2020,2021,12,4,50,15,corn,world,886938,Metric Tons
01-10-2026,2020-12-10,2020,2021,12,7,50,28,wheat,world,261164,Metric Tons
01-10-2026,2020-12-10,2020,2021,12,4,50,15,soybeans,world,2368781,Metric Tons
01-10-2026,2020-12-03,2020,2021,12,4,49,14,corn,world,734079,Metric Tons
01-10-2026,2020-12-03,2020,2021,12,7,49,27,wheat,world,530781,Metric Tons
01-10-2026,2020-12-03,2020,2021,12,4,49,14,soybeans,world,2297316,Metric Tons
01-10-2026,2020-11-26,2020,2021,11,3,48,13,corn,world,890033,Metric Tons
01-10-2026,2020-11-26,2020,2021,11,6,48,26,wheat,world,502788,Metric Tons
01-10-2026,2020-11-26,2020,2021,11,3,48,13,soybeans,world,2036484,Metric Tons
01-10-2026,2020-11-19,2020,2021,11,3,47,12,soybeans,world,2009976,Metric Tons
01-10-2026,2020-11-19,2020,2021,11,6,47,25,wheat,world,358077,Metric Tons
01-10-2026,2020-11-19,2020,2021,11,3,47,12,corn,world,832637,Metric Tons
01-10-2026,2020-11-12,2020,2021,11,3,46,11,soybeans,world,2239956,Metric Tons
01-10-2026,2020-11-12,2020,2021,11,6,46,24,wheat,world,325948,Metric Tons
01-10-2026,2020-11-12,2020,2021,11,3,46,11,corn,world,817476,Metric Tons
01-10-2026,2020-11-05,2020,2021,11,3,45,10,corn,world,690079,Metric Tons
01-10-2026,2020-11-05,2020,2021,11,6,45,23,wheat,world,304239,Metric Tons
01-10-2026,2020-11-05,2020,2021,11,3,45,10,soybeans,world,2496308,Metric Tons
01-10-2026,2020-10-29,2020,2021,10,2,44,9,corn,world,721623,Metric Tons
01-10-2026,2020-10-29,2020,2021,10,2,44,9,soybeans,world,2082741,Metric Tons
01-10-2026,2020-10-29,2020,2021,10,5,44,22,wheat,world,287059,Metric Tons
01-10-2026,2020-10-22,2020,2021,10,5,43,21,wheat,world,363806,Metric Tons
01-10-2026,2020-10-22,2020,2021,10,2,43,8,corn,world,636290,Metric Tons
01-10-2026,2020-10-22,2020,2021,10,2,43,8,soybeans,world,2664352,Metric Tons
01-10-2026,2020-10-15,2020,2021,10,5,42,20,wheat,world,239688,Metric Tons
01-10-2026,2020-10-15,2020,2021,10,2,42,7,soybeans,world,2173521,Metric Tons
01-10-2026,2020-10-15,2020,2021,10,2,42,7,corn,world,911012,Metric Tons
01-10-2026,2020-10-08,2020,2021,10,2,41,6,soybeans,world,2157012,Metric Tons
01-10-2026,2020-10-08,2020,2021,10,2,41,6,corn,world,632184,Metric Tons
01-10-2026,2020-10-08,2020,2021,10,5,41,19,wheat,world,514086,Metric Tons
01-10-2026,2020-10-01,2020,2021,10,2,40,5,soybeans,world,1667068,Metric Tons
01-10-2026,2020-10-01,2020,2021,10,5,40,18,wheat,world,643671,Metric Tons
01-10-2026,2020-10-01,2020,2021,10,2,40,5,corn,world,863995,Metric Tons
01-10-2026,2020-09-24,2020,2021,9,1,39,4,soybeans,world,1211733,Metric Tons
01-10-2026,2020-09-24,2020,2021,9,4,39,17,wheat,world,563427,Metric Tons
01-10-2026,2020-09-24,2020,2021,9,1,39,4,corn,world,806639,Metric Tons
01-10-2026,2020-09-17,2020,2021,9,1,38,3,soybeans,world,1310854,Metric Tons
01-10-2026,2020-09-17,2020,2021,9,4,38,16,wheat,world,469939,Metric Tons
01-10-2026,2020-09-17,2020,2021,9,1,38,3,corn,world,755111,Metric Tons
01-10-2026,2020-09-10,2020,2021,9,1,37,2,corn,world,878907,Metric Tons
01-10-2026,2020-09-10,2020,2021,9,4,37,15,wheat,world,637226,Metric Tons
01-10-2026,2020-09-10,2020,2021,9,1,37,2,soybeans,world,1283936,Metric Tons
01-10-2026,2020-09-03,2020,2021,9,1,36,1,soybeans,world,1295462,Metric Tons
01-10-2026,2020-09-03,2020,2021,9,1,36,1,corn,world,781838,Metric Tons
01-10-2026,2020-09-03,2020,2021,9,4,36,14,wheat,world,695741,Metric Tons
01-10-2026,2020-08-27,2020,2020,8,12,35,52,soybeans,world,804591,Metric Tons
01-10-2026,2020-08-27,2020,2021,8,3,35,13,wheat,world,516131,Metric Tons
01-10-2026,2020-08-27,2020,2020,8,12,35,52,corn,world,402216,Metric Tons
01-10-2026,2020-08-20,2020,2020,8,12,34,51,corn,world,892031,Metric Tons
01-10-2026,2020-08-20,2020,2021,8,3,34,12,wheat,world,569593,Metric Tons
01-10-2026,2020-08-20,2020,2020,8,12,34,51,soybeans,world,1150832,Metric Tons
01-10-2026,2020-08-13,2020,2020,8,12,33,50,soybeans,world,785075,Metric Tons
01-10-2026,2020-08-13,2020,2021,8,3,33,11,wheat,world,461699,Metric Tons
01-10-2026,2020-08-13,2020,2020,8,12,33,50,corn,world,1036985,Metric Tons
01-10-2026,2020-08-06,2020,2020,8,12,32,49,soybeans,world,635665,Metric Tons
01-10-2026,2020-08-06,2020,2021,8,3,32,10,wheat,world,379949,Metric Tons
01-10-2026,2020-08-06,2020,2020,8,12,32,49,corn,world,1150979,Metric Tons
01-10-2026,2020-07-30,2020,2020,7,11,31,48,soybeans,world,551543,Metric Tons
01-10-2026,2020-07-30,2020,2021,7,2,31,9,wheat,world,500110,Metric Tons
01-10-2026,2020-07-30,2020,2020,7,11,31,48,corn,world,716127,Metric Tons
01-10-2026,2020-07-23,2020,2020,7,11,30,47,corn,world,797487,Metric Tons
01-10-2026,2020-07-23,2020,2020,7,11,30,47,soybeans,world,472680,Metric Tons
01-10-2026,2020-07-23,2020,2021,7,2,30,8,wheat,world,544010,Metric Tons
01-10-2026,2020-07-16,2020,2021,7,2,29,7,wheat,world,500607,Metric Tons
01-10-2026,2020-07-16,2020,2020,7,11,29,46,corn,world,1149353,Metric Tons
01-10-2026,2020-07-16,2020,2020,7,11,29,46,soybeans,world,452811,Metric Tons
01-10-2026,2020-07-09,2020,2020,7,11,28,45,soybeans,world,483331,Metric Tons
01-10-2026,2020-07-09,2020,2021,7,2,28,6,wheat,world,624211,Metric Tons
01-10-2026,2020-07-09,2020,2020,7,11,28,45,corn,world,902623,Metric Tons
01-10-2026,2020-07-02,2020,2020,7,11,27,44,corn,world,962445,Metric Tons
01-10-2026,2020-07-02,2020,2021,7,2,27,5,wheat,world,326448,Metric Tons
01-10-2026,2020-07-02,2020,2020,7,11,27,44,soybeans,world,521638,Metric Tons
01-10-2026,2020-06-25,2020,2020,6,10,26,43,corn,world,1234690,Metric Tons
01-10-2026,2020-06-25,2020,2021,6,1,26,4,wheat,world,515359,Metric Tons
01-10-2026,2020-06-25,2020,2020,6,10,26,43,soybeans,world,324512,Metric Tons
01-10-2026,2020-06-18,2020,2021,6,1,25,3,wheat,world,613052,Metric Tons
01-10-2026,2020-06-18,2020,2020,6,10,25,42,soybeans,world,254929,Metric Tons
01-10-2026,2020-06-18,2020,2020,6,10,25,42,corn,world,1295845,Metric Tons
01-10-2026,2020-06-11,2020,2020,6,10,24,41,soybeans,world,376323,Metric Tons
01-10-2026,2020-06-11,2020,2020,6,10,24,41,corn,world,910495,Metric Tons
01-10-2026,2020-06-11,2020,2021,6,1,24,2,wheat,world,444031,Metric Tons
01-10-2026,2020-06-04,2020,2021,6,1,23,1,wheat,world,432919,Metric Tons
01-10-2026,2020-06-04,2020,2020,6,10,23,40,corn,world,1100078,Metric Tons
01-10-2026,2020-06-04,2020,2020,6,10,23,40,soybeans,world,213047,Metric Tons
01-10-2026,2020-05-28,2020,2020,5,9,22,39,corn,world,1128091,Metric Tons
01-10-2026,2020-05-28,2020,2020,5,12,22,52,wheat,world,499353,Metric Tons
01-10-2026,2020-05-28,2020,2020,5,9,22,39,soybeans,world,396387,Metric Tons
01-10-2026,2020-05-21,2020,2020,5,12,21,51,wheat,world,457777,Metric Tons
01-10-2026,2020-05-21,2020,2020,5,9,21,38,corn,world,1091972,Metric Tons
01-10-2026,2020-05-21,2020,2020,5,9,21,38,soybeans,world,333127,Metric Tons
01-10-2026,2020-05-14,2020,2020,5,9,20,37,corn,world,1150674,Metric Tons
01-10-2026,2020-05-14,2020,2020,5,12,20,50,wheat,world,440822,Metric Tons
01-10-2026,2020-05-14,2020,2020,5,9,20,37,soybeans,world,352189,Metric Tons
01-10-2026,2020-05-07,2020,2020,5,9,19,36,corn,world,1334686,Metric Tons
01-10-2026,2020-05-07,2020,2020,5,12,19,49,wheat,world,340310,Metric Tons
01-10-2026,2020-05-07,2020,2020,5,9,19,36,soybeans,world,496498,Metric Tons
01-10-2026,2020-04-30,2020,2020,4,8,18,35,corn,world,1217218,Metric Tons
01-10-2026,2020-04-30,2020,2020,4,8,18,35,soybeans,world,318100,Metric Tons
01-10-2026,2020-04-30,2020,2020,4,11,18,48,wheat,world,535691,Metric Tons
01-10-2026,2020-04-23,2020,2020,4,8,17,34,corn,world,1078175,Metric Tons
01-10-2026,2020-04-23,2020,2020,4,8,17,34,soybeans,world,555748,Metric Tons
01-10-2026,2020-04-23,2020,2020,4,11,17,47,wheat,world,501333,Metric Tons
01-10-2026,2020-04-16,2020,2020,4,8,16,33,soybeans,world,539824,Metric Tons
01-10-2026,2020-04-16,2020,2020,4,11,16,46,wheat,world,469922,Metric Tons
01-10-2026,2020-04-16,2020,2020,4,8,16,33,corn,world,683854,Metric Tons
01-10-2026,2020-04-09,2020,2020,4,11,15,45,wheat,world,608709,Metric Tons
01-10-2026,2020-04-09,2020,2020,4,8,15,32,soybeans,world,442024,Metric Tons
01-10-2026,2020-04-09,2020,2020,4,8,15,32,corn,world,1029886,Metric Tons
01-10-2026,2020-04-02,2020,2020,4,8,14,31,soybeans,world,298124,Metric Tons
01-10-2026,2020-04-02,2020,2020,4,8,14,31,corn,world,1271481,Metric Tons
01-10-2026,2020-04-02,2020,2020,4,11,14,44,wheat,world,320371,Metric Tons
01-10-2026,2020-03-26,2020,2020,3,7,13,30,soybeans,world,413957,Metric Tons
01-10-2026,2020-03-26,2020,2020,3,7,13,30,corn,world,1269074,Metric Tons
01-10-2026,2020-03-26,2020,2020,3,10,13,43,wheat,world,363881,Metric Tons
01-10-2026,2020-03-19,2020,2020,3,7,12,29,soybeans,world,570642,Metric Tons
01-10-2026,2020-03-19,2020,2020,3,10,12,42,wheat,world,349369,Metric Tons
01-10-2026,2020-03-19,2020,2020,3,7,12,29,corn,world,816634,Metric Tons
01-10-2026,2020-03-12,2020,2020,3,7,11,28,soybeans,world,436358,Metric Tons
01-10-2026,2020-03-12,2020,2020,3,10,11,41,wheat,world,449653,Metric Tons
01-10-2026,2020-03-12,2020,2020,3,7,11,28,corn,world,977879,Metric Tons
01-10-2026,2020-03-05,2020,2020,3,10,10,40,wheat,world,415548,Metric Tons
01-10-2026,2020-03-05,2020,2020,3,7,10,27,soybeans,world,572416,Metric Tons
01-10-2026,2020-03-05,2020,2020,3,7,10,27,corn,world,829865,Metric Tons
01-10-2026,2020-02-27,2020,2020,2,6,9,26,corn,world,896221,Metric Tons
01-10-2026,2020-02-27,2020,2020,2,9,9,39,wheat,world,654097,Metric Tons
01-10-2026,2020-02-27,2020,2020,2,6,9,26,soybeans,world,670608,Metric Tons
01-10-2026,2020-02-20,2020,2020,2,6,8,25,corn,world,912922,Metric Tons
01-10-2026,2020-02-20,2020,2020,2,6,8,25,soybeans,world,594536,Metric Tons
01-10-2026,2020-02-20,2020,2020,2,9,8,38,wheat,world,411523,Metric Tons
01-10-2026,2020-02-13,2020,2020,2,6,7,24,corn,world,795228,Metric Tons
01-10-2026,2020-02-13,2020,2020,2,9,7,37,wheat,world,501990,Metric Tons
01-10-2026,2020-02-13,2020,2020,2,6,7,24,soybeans,world,992294,Metric Tons
01-10-2026,2020-02-06,2020,2020,2,6,6,23,corn,world,769390,Metric Tons
01-10-2026,2020-02-06,2020,2020,2,6,6,23,soybeans,world,603852,Metric Tons
01-10-2026,2020-02-06,2020,2020,2,9,6,36,wheat,world,523713,Metric Tons
01-10-2026,2020-01-30,2020,2020,1,5,5,22,corn,world,562380,Metric Tons
01-10-2026,2020-01-30,2020,2020,1,8,5,35,wheat,world,413984,Metric Tons
01-10-2026,2020-01-30,2020,2020,1,5,5,22,soybeans,world,1355627,Metric Tons
01-10-2026,2020-01-23,2020,2020,1,5,4,21,corn,world,668559,Metric Tons
01-10-2026,2020-01-23,2020,2020,1,8,4,34,wheat,world,223994,Metric Tons
01-10-2026,2020-01-23,2020,2020,1,5,4,21,soybeans,world,1038840,Metric Tons
01-10-2026,2020-01-16,2020,2020,1,5,3,20,corn,world,345859,Metric Tons
01-10-2026,2020-01-16,2020,2020,1,8,3,33,wheat,world,435129,Metric Tons
01-10-2026,2020-01-16,2020,2020,1,5,3,20,soybeans,world,1199136,Metric Tons
01-10-2026,2020-01-09,2020,2020,1,8,2,32,wheat,world,473960,Metric Tons
01-10-2026,2020-01-09,2020,2020,1,5,2,19,soybeans,world,1136304,Metric Tons
01-10-2026,2020-01-09,2020,2020,1,5,2,19,corn,world,460307,Metric Tons
01-10-2026,2020-01-02,2020,2020,1,5,1,18,soybeans,world,963830,Metric Tons
01-10-2026,2020-01-02,2020,2020,1,8,1,31,wheat,world,345109,Metric Tons
01-10-2026,2020-01-02,2020,2020,1,5,1,18,corn,world,550930,Metric Tons
01-10-2026,2019-12-26,2019,2020,12,4,52,17,soybeans,world,911482,Metric Tons
01-10-2026,2019-12-26,2019,2020,12,7,52,30,wheat,world,312017,Metric Tons
01-10-2026,2019-12-26,2019,2020,12,4,52,17,corn,world,408946,Metric Tons
01-10-2026,2019-12-19,2019,2020,12,4,51,16,soybeans,world,1083866,Metric Tons
01-10-2026,2019-12-19,2019,2020,12,7,51,29,wheat,world,578458,Metric Tons
01-10-2026,2019-12-19,2019,2020,12,4,51,16,corn,world,387188,Metric Tons
01-10-2026,2019-12-12,2019,2020,12,4,50,15,soybeans,world,1259374,Metric Tons
01-10-2026,2019-12-12,2019,2020,12,7,50,28,wheat,world,506291,Metric Tons
01-10-2026,2019-12-12,2019,2020,12,4,50,15,corn,world,686686,Metric Tons
01-10-2026,2019-12-05,2019,2020,12,4,49,14,corn,world,481097,Metric Tons
01-10-2026,2019-12-05,2019,2020,12,7,49,27,wheat,world,313810,Metric Tons
01-10-2026,2019-12-05,2019,2020,12,4,49,14,soybeans,world,1327042,Metric Tons
01-10-2026,2019-11-28,2019,2020,11,3,48,13,soybeans,world,1547507,Metric Tons
01-10-2026,2019-11-28,2019,2020,11,6,48,26,wheat,world,246988,Metric Tons
01-10-2026,2019-11-28,2019,2020,11,3,48,13,corn,world,428856,Metric Tons
01-10-2026,2019-11-21,2019,2020,11,3,47,12,soybeans,world,1942761,Metric Tons
01-10-2026,2019-11-21,2019,2020,11,3,47,12,corn,world,604592,Metric Tons
01-10-2026,2019-11-21,2019,2020,11,6,47,25,wheat,world,420813,Metric Tons
01-10-2026,2019-11-14,2019,2020,11,3,46,11,corn,world,637397,Metric Tons
01-10-2026,2019-11-14,2019,2020,11,6,46,24,wheat,world,449304,Metric Tons
01-10-2026,2019-11-14,2019,2020,11,3,46,11,soybeans,world,1532991,Metric Tons
01-10-2026,2019-11-07,2019,2020,11,3,45,10,corn,world,560105,Metric Tons
01-10-2026,2019-11-07,2019,2020,11,6,45,23,wheat,world,528875,Metric Tons
01-10-2026,2019-11-07,2019,2020,11,3,45,10,soybeans,world,1331631,Metric Tons
01-10-2026,2019-10-31,2019,2020,10,2,44,9,corn,world,275575,Metric Tons
01-10-2026,2019-10-31,2019,2020,10,5,44,22,wheat,world,293360,Metric Tons
01-10-2026,2019-10-31,2019,2020,10,2,44,9,soybeans,world,1480632,Metric Tons
01-10-2026,2019-10-24,2019,2020,10,5,43,21,wheat,world,523262,Metric Tons
01-10-2026,2019-10-24,2019,2020,10,2,43,8,corn,world,380660,Metric Tons
01-10-2026,2019-10-24,2019,2020,10,2,43,8,soybeans,world,1568399,Metric Tons
01-10-2026,2019-10-17,2019,2020,10,2,42,7,corn,world,531744,Metric Tons
01-10-2026,2019-10-17,2019,2020,10,5,42,20,wheat,world,565099,Metric Tons
01-10-2026,2019-10-17,2019,2020,10,2,42,7,soybeans,world,1296352,Metric Tons
01-10-2026,2019-10-10,2019,2020,10,5,41,19,wheat,world,462651,Metric Tons
01-10-2026,2019-10-10,2019,2020,10,2,41,6,soybeans,world,954881,Metric Tons
01-10-2026,2019-10-10,2019,2020,10,2,41,6,corn,world,470612,Metric Tons
01-10-2026,2019-10-03,2019,2020,10,2,40,5,corn,world,466521,Metric Tons
01-10-2026,2019-10-03,2019,2020,10,5,40,18,wheat,world,385259,Metric Tons
01-10-2026,2019-10-03,2019,2020,10,2,40,5,soybeans,world,1038988,Metric Tons
01-10-2026,2019-09-26,2019,2020,9,4,39,17,wheat,world,466506,Metric Tons
01-10-2026,2019-09-26,2019,2020,9,1,39,4,corn,world,399736,Metric Tons
01-10-2026,2019-09-26,2019,2020,9,1,39,4,soybeans,world,982288,Metric Tons
01-10-2026,2019-09-19,2019,2020,9,1,38,3,corn,world,233993,Metric Tons
01-10-2026,2019-09-19,2019,2020,9,4,38,16,wheat,world,476173,Metric Tons
01-10-2026,2019-09-19,2019,2020,9,1,38,3,soybeans,world,922550,Metric Tons
01-10-2026,2019-09-12,2019,2020,9,4,37,15,wheat,world,459258,Metric Tons
01-10-2026,2019-09-12,2019,2020,9,1,37,2,corn,world,421803,Metric Tons
01-10-2026,2019-09-12,2019,2020,9,1,37,2,soybeans,world,666490,Metric Tons
01-10-2026,2019-09-05,2019,2020,9,1,36,1,corn,world,590013,Metric Tons
01-10-2026,2019-09-05,2019,2020,9,4,36,14,wheat,world,402486,Metric Tons
01-10-2026,2019-09-05,2019,2020,9,1,36,1,soybeans,world,906029,Metric Tons
01-10-2026,2019-08-29,2019,2019,8,12,35,52,corn,world,355411,Metric Tons
01-10-2026,2019-08-29,2019,2019,8,12,35,52,soybeans,world,1281426,Metric Tons
01-10-2026,2019-08-29,2019,2020,8,3,35,13,wheat,world,526049,Metric Tons
01-10-2026,2019-08-22,2019,2019,8,12,34,51,soybeans,world,961964,Metric Tons
01-10-2026,2019-08-22,2019,2020,8,3,34,12,wheat,world,492998,Metric Tons
01-10-2026,2019-08-22,2019,2019,8,12,34,51,corn,world,639154,Metric Tons
01-10-2026,2019-08-15,2019,2019,8,12,33,50,corn,world,510334,Metric Tons
01-10-2026,2019-08-15,2019,2020,8,3,33,11,wheat,world,488905,Metric Tons
01-10-2026,2019-08-15,2019,2019,8,12,33,50,soybeans,world,1158217,Metric Tons
01-10-2026,2019-08-08,2019,2019,8,12,32,49,corn,world,703183,Metric Tons
01-10-2026,2019-08-08,2019,2020,8,3,32,10,wheat,world,688978,Metric Tons
01-10-2026,2019-08-08,2019,2019,8,12,32,49,soybeans,world,944238,Metric Tons
01-10-2026,2019-08-01,2019,2019,8,12,31,48,corn,world,631289,Metric Tons
01-10-2026,2019-08-01,2019,2020,8,3,31,9,wheat,world,395136,Metric Tons
01-10-2026,2019-08-01,2019,2019,8,12,31,48,soybeans,world,1029010,Metric Tons
01-10-2026,2019-07-25,2019,2019,7,11,30,47,soybeans,world,1031477,Metric Tons
01-10-2026,2019-07-25,2019,2019,7,11,30,47,corn,world,645367,Metric Tons
01-10-2026,2019-07-25,2019,2020,7,2,30,8,wheat,world,390730,Metric Tons
01-10-2026,2019-07-18,2019,2020,7,2,29,7,wheat,world,433117,Metric Tons
01-10-2026,2019-07-18,2019,2019,7,11,29,46,soybeans,world,559462,Metric Tons
01-10-2026,2019-07-18,2019,2019,7,11,29,46,corn,world,438045,Metric Tons
01-10-2026,2019-07-11,2019,2019,7,11,28,45,corn,world,676485,Metric Tons
01-10-2026,2019-07-11,2019,2020,7,2,28,6,wheat,world,315358,Metric Tons
01-10-2026,2019-07-11,2019,2019,7,11,28,45,soybeans,world,854373,Metric Tons
01-10-2026,2019-07-04,2019,2020,7,2,27,5,wheat,world,609456,Metric Tons
01-10-2026,2019-07-04,2019,2019,7,11,27,44,soybeans,world,757903,Metric Tons
01-10-2026,2019-07-04,2019,2019,7,11,27,44,corn,world,703192,Metric Tons
01-10-2026,2019-06-27,2019,2020,6,1,26,4,wheat,world,609037,Metric Tons
01-10-2026,2019-06-27,2019,2019,6,10,26,43,corn,world,272513,Metric Tons
01-10-2026,2019-06-27,2019,2019,6,10,26,43,soybeans,world,719299,Metric Tons
01-10-2026,2019-06-20,2019,2019,6,10,25,42,soybeans,world,682155,Metric Tons
01-10-2026,2019-06-20,2019,2020,6,1,25,3,wheat,world,406386,Metric Tons
01-10-2026,2019-06-20,2019,2019,6,10,25,42,corn,world,617740,Metric Tons
01-10-2026,2019-06-13,2019,2019,6,10,24,41,corn,world,653875,Metric Tons
01-10-2026,2019-06-13,2019,2020,6,1,24,2,wheat,world,375365,Metric Tons
01-10-2026,2019-06-13,2019,2019,6,10,24,41,soybeans,world,675302,Metric Tons
01-10-2026,2019-06-06,2019,2019,6,10,23,40,soybeans,world,714627,Metric Tons
01-10-2026,2019-06-06,2019,2020,6,1,23,1,wheat,world,464779,Metric Tons
01-10-2026,2019-06-06,2019,2019,6,10,23,40,corn,world,850647,Metric Tons
01-10-2026,2019-05-30,2019,2019,5,12,22,52,wheat,world,592744,Metric Tons
01-10-2026,2019-05-30,2019,2019,5,9,22,39,soybeans,world,498771,Metric Tons
01-10-2026,2019-05-30,2019,2019,5,9,22,39,corn,world,743077,Metric Tons
01-10-2026,2019-05-23,2019,2019,5,9,21,38,corn,world,1098948,Metric Tons
01-10-2026,2019-05-23,2019,2019,5,12,21,51,wheat,world,494097,Metric Tons
01-10-2026,2019-05-23,2019,2019,5,9,21,38,soybeans,world,532881,Metric Tons
01-10-2026,2019-05-16,2019,2019,5,9,20,37,corn,world,820916,Metric Tons
01-10-2026,2019-05-16,2019,2019,5,9,20,37,soybeans,world,497070,Metric Tons
01-10-2026,2019-05-16,2019,2019,5,12,20,50,wheat,world,757704,Metric Tons
01-10-2026,2019-05-09,2019,2019,5,12,19,49,wheat,world,842418,Metric Tons
01-10-2026,2019-05-09,2019,2019,5,9,19,36,soybeans,world,513375,Metric Tons
01-10-2026,2019-05-09,2019,2019,5,9,19,36,corn,world,1000762,Metric Tons
01-10-2026,2019-05-02,2019,2019,5,12,18,48,wheat,world,477918,Metric Tons
01-10-2026,2019-05-02,2019,2019,5,9,18,35,soybeans,world,600441,Metric Tons
01-10-2026,2019-05-02,2019,2019,5,9,18,35,corn,world,976842,Metric Tons
01-10-2026,2019-05-02,2019,2019,5,9,18,35,corn,world,976842,Metric Tons
01-10-2026,2019-05-02,2019,2019,5,12,18,48,wheat,world,477918,Metric Tons
01-10-2026,2019-05-02,2019,2019,5,9,18,35,soybeans,world,600441,Metric Tons
01-10-2026,2019-04-25,2019,2019,4,8,17,34,soybeans,world,491600,Metric Tons
01-10-2026,2019-04-25,2019,2019,4,11,17,47,wheat,world,630402,Metric Tons
01-10-2026,2019-04-25,2019,2019,4,8,17,34,corn,world,1366230,Metric Tons
01-10-2026,2019-04-18,2019,2019,4,8,16,33,corn,world,1353114,Metric Tons
01-10-2026,2019-04-18,2019,2019,4,11,16,46,wheat,world,811130,Metric Tons
01-10-2026,2019-04-18,2019,2019,4,8,16,33,soybeans,world,382298,Metric Tons
01-10-2026,2019-04-11,2019,2019,4,8,15,32,corn,world,1182140,Metric Tons
01-10-2026,2019-04-11,2019,2019,4,11,15,45,wheat,world,511400,Metric Tons
01-10-2026,2019-04-11,2019,2019,4,8,15,32,soybeans,world,460667,Metric Tons
01-10-2026,2019-04-04,2019,2019,4,8,14,31,soybeans,world,888160,Metric Tons
01-10-2026,2019-04-04,2019,2019,4,11,14,44,wheat,world,538808,Metric Tons
01-10-2026,2019-04-04,2019,2019,4,8,14,31,corn,world,1035423,Metric Tons
01-10-2026,2019-03-28,2019,2019,3,7,13,30,corn,world,1259267,Metric Tons
01-10-2026,2019-03-28,2019,2019,3,10,13,43,wheat,world,418424,Metric Tons
01-10-2026,2019-03-28,2019,2019,3,7,13,30,soybeans,world,730806,Metric Tons
01-10-2026,2019-03-21,2019,2019,3,7,12,29,corn,world,995997,Metric Tons
01-10-2026,2019-03-21,2019,2019,3,7,12,29,soybeans,world,857970,Metric Tons
01-10-2026,2019-03-21,2019,2019,3,10,12,42,wheat,world,340398,Metric Tons
01-10-2026,2019-03-14,2019,2019,3,7,11,28,soybeans,world,841888,Metric Tons
01-10-2026,2019-03-14,2019,2019,3,10,11,41,wheat,world,353727,Metric Tons
01-10-2026,2019-03-14,2019,2019,3,7,11,28,corn,world,795241,Metric Tons
01-10-2026,2019-03-07,2019,2019,3,7,10,27,soybeans,world,874363,Metric Tons
01-10-2026,2019-03-07,2019,2019,3,7,10,27,corn,world,765618,Metric Tons
01-10-2026,2019-03-07,2019,2019,3,10,10,40,wheat,world,592001,Metric Tons
01-10-2026,2019-02-28,2019,2019,2,6,9,26,corn,world,865617,Metric Tons
01-10-2026,2019-02-28,2019,2019,2,9,9,39,wheat,world,440314,Metric Tons
01-10-2026,2019-02-28,2019,2019,2,6,9,26,soybeans,world,843925,Metric Tons
01-10-2026,2019-02-21,2019,2019,2,9,8,38,wheat,world,693964,Metric Tons
01-10-2026,2019-02-21,2019,2019,2,6,8,25,soybeans,world,1307350,Metric Tons
01-10-2026,2019-02-21,2019,2019,2,6,8,25,corn,world,751278,Metric Tons
01-10-2026,2019-02-14,2019,2019,2,6,7,24,corn,world,941811,Metric Tons
01-10-2026,2019-02-14,2019,2019,2,9,7,37,wheat,world,357131,Metric Tons
01-10-2026,2019-02-14,2019,2019,2,6,7,24,soybeans,world,1031294,Metric Tons
01-10-2026,2019-02-07,2019,2019,2,6,6,23,corn,world,743536,Metric Tons
01-10-2026,2019-02-07,2019,2019,2,9,6,36,wheat,world,562307,Metric Tons
01-10-2026,2019-02-07,2019,2019,2,6,6,23,soybeans,world,1063973,Metric Tons
01-10-2026,2019-01-31,2019,2019,1,5,5,22,soybeans,world,975775,Metric Tons
01-10-2026,2019-01-31,2019,2019,1,5,5,22,corn,world,901214,Metric Tons
01-10-2026,2019-01-31,2019,2019,1,8,5,35,wheat,world,440031,Metric Tons
01-10-2026,2019-01-24,2019,2019,1,5,4,21,corn,world,893001,Metric Tons
01-10-2026,2019-01-24,2019,2019,1,8,4,34,wheat,world,362153,Metric Tons
01-10-2026,2019-01-24,2019,2019,1,5,4,21,soybeans,world,929417,Metric Tons
01-10-2026,2019-01-24,2019,2019,1,5,4,21,corn,world,893001,Metric Tons
01-10-2026,2019-01-24,2019,2019,1,8,4,34,wheat,world,362153,Metric Tons
01-10-2026,2019-01-24,2019,2019,1,5,4,21,soybeans,world,929417,Metric Tons
01-10-2026,2019-01-17,2019,2019,1,5,3,20,soybeans,world,1110713,Metric Tons
01-10-2026,2019-01-17,2019,2019,1,8,3,33,wheat,world,516643,Metric Tons
01-10-2026,2019-01-17,2019,2019,1,5,3,20,corn,world,1108119,Metric Tons
01-10-2026,2019-01-10,2019,2019,1,5,2,19,corn,world,1013682,Metric Tons
01-10-2026,2019-01-10,2019,2019,1,8,2,32,wheat,world,545804,Metric Tons
01-10-2026,2019-01-10,2019,2019,1,5,2,19,soybeans,world,1085251,Metric Tons
01-10-2026,2019-01-03,2019,2019,1,5,1,18,corn,world,501541,Metric Tons
01-10-2026,2019-01-03,2019,2019,1,8,1,31,wheat,world,260134,Metric Tons
01-10-2026,2019-01-03,2019,2019,1,5,1,18,soybeans,world,673172,Metric Tons
01-10-2026,2018-12-27,2018,2019,12,4,52,17,corn,world,913797,Metric Tons
01-10-2026,2018-12-27,2018,2019,12,7,52,30,wheat,world,376281,Metric Tons
01-10-2026,2018-12-27,2018,2019,12,4,52,17,soybeans,world,677679,Metric Tons
01-10-2026,2018-12-20,2018,2019,12,7,51,29,wheat,world,543126,Metric Tons
01-10-2026,2018-12-20,2018,2019,12,4,51,16,corn,world,996098,Metric Tons
01-10-2026,2018-12-20,2018,2019,12,4,51,16,soybeans,world,651181,Metric Tons
